loan_id,note_available,deed_available,title_available,appraisal_available,insurance_available,document_status,last_verified_at
L000001,N,Y,Y,N,Y,MISSING,2025-12-05
L000002,Y,Y,Y,N,N,COMPLETE,2025-09-03
L000003,Y,N,Y,Y,N,INCOMPLETE,2026-02-04
L000004,Y,Y,Y,Y,N,COMPLETE,2025-12-26
L000005,Y,Y,Y,Y,N,COMPLETE,2025-08-25
L000006,N,N,N,N,Y,MISSING,2026-03-31
L000007,Y,N,Y,N,N,COMPLETE,2026-06-05
L000008,Y,N,Y,Y,Y,COMPLETE,2026-05-31
L000009,N,Y,N,N,N,COMPLETE,2025-11-14
L000010,Y,Y,Y,N,Y,COMPLETE,2026-06-26
L000011,Y,N,N,N,N,COMPLETE,2026-03-26
L000012,Y,N,Y,Y,Y,COMPLETE,2026-06-24
L000013,Y,N,Y,N,Y,COMPLETE,2025-12-13
L000014,Y,N,Y,N,Y,COMPLETE,2026-02-01
L000015,N,N,Y,Y,Y,INCOMPLETE,2026-03-02
L000016,N,Y,Y,N,Y,COMPLETE,2026-02-01
L000017,Y,N,N,Y,Y,COMPLETE,2026-05-21
L000018,Y,N,Y,N,Y,COMPLETE,2025-10-28
L000019,N,N,Y,N,Y,COMPLETE,2025-12-01
L000020,Y,N,Y,Y,Y,COMPLETE,2026-05-15
L000021,Y,N,Y,N,N,COMPLETE,2026-07-22
L000022,N,N,Y,Y,Y,MISSING,2026-01-23
L000023,Y,N,Y,N,Y,COMPLETE,2026-06-09
L000024,N,N,Y,Y,Y,COMPLETE,2025-09-13
L000025,Y,N,Y,N,N,COMPLETE,2026-08-23
L000026,Y,N,Y,Y,N,COMPLETE,2026-07-18
L000027,Y,Y,Y,Y,Y,INCOMPLETE,2026-03-23
L000028,Y,Y,N,N,Y,COMPLETE,2025-10-21
L000029,Y,Y,Y,N,Y,COMPLETE,2025-11-20
L000030,Y,N,Y,N,Y,COMPLETE,2026-05-18
L000031,Y,N,Y,N,Y,COMPLETE,2026-06-28
L000032,Y,N,N,N,Y,COMPLETE,2025-09-30
L000033,N,Y,Y,Y,Y,MISSING,2026-07-06
L000034,N,N,Y,N,Y,INCOMPLETE,2025-10-03
L000035,Y,Y,Y,N,Y,INCOMPLETE,2026-04-14
L000036,Y,Y,Y,N,N,COMPLETE,2026-02-28
L000037,Y,N,Y,Y,Y,INCOMPLETE,2026-04-10
L000038,Y,N,Y,Y,Y,COMPLETE,2025-11-01
L000039,Y,Y,Y,Y,Y,COMPLETE,2026-04-14
L000040,N,N,N,N,Y,COMPLETE,2026-06-24
L000041,N,N,Y,N,N,COMPLETE,2026-05-08
L000042,Y,N,Y,Y,Y,COMPLETE,2025-12-11
L000043,N,N,Y,N,Y,COMPLETE,2025-11-27
L000044,N,Y,Y,Y,Y,INCOMPLETE,2026-05-01
L000045,Y,N,Y,N,N,MISSING,2025-11-15
L000046,N,N,Y,Y,Y,COMPLETE,2026-05-05
L000047,Y,N,N,N,Y,COMPLETE,2026-06-25
L000048,Y,N,Y,N,Y,COMPLETE,2026-08-06
L000049,Y,N,Y,N,Y,INCOMPLETE,2025-09-13
L000050,N,N,Y,N,Y,COMPLETE,2025-10-15
L000051,N,N,N,N,Y,COMPLETE,2025-09-18
L000052,N,Y,N,N,N,COMPLETE,2026-04-24
L000053,N,Y,Y,Y,Y,COMPLETE,2026-04-16
L000054,Y,Y,Y,N,N,MISSING,2025-11-10
L000055,Y,Y,Y,N,Y,COMPLETE,2026-01-04
L000056,N,Y,Y,N,Y,COMPLETE,2026-02-20
L000057,Y,Y,N,N,N,COMPLETE,2026-01-04
L000058,Y,N,Y,N,Y,MISSING,2025-09-30
L000059,Y,Y,Y,Y,N,COMPLETE,2026-04-24
L000060,Y,N,N,N,N,COMPLETE,2026-01-19
L000061,N,N,Y,N,Y,COMPLETE,2026-06-16
L000062,Y,Y,Y,N,Y,COMPLETE,2025-11-15
L000063,Y,N,Y,N,Y,INCOMPLETE,2026-05-28
L000064,N,Y,Y,N,N,COMPLETE,2025-08-25
L000065,N,N,Y,Y,N,MISSING,2026-06-13
L000066,Y,N,Y,N,Y,MISSING,2026-06-19
L000067,Y,N,Y,N,Y,COMPLETE,2026-05-24
L000068,N,N,Y,N,Y,COMPLETE,2026-07-31
L000069,Y,Y,Y,Y,Y,COMPLETE,2026-04-02
L000070,Y,N,Y,Y,N,COMPLETE,2025-11-26
L000071,Y,N,N,N,N,INCOMPLETE,2026-05-26
L000072,Y,N,N,N,N,COMPLETE,2025-10-28
L000073,Y,N,Y,N,Y,COMPLETE,2026-02-09
L000074,Y,Y,Y,Y,Y,COMPLETE,2026-07-28
L000075,Y,N,Y,N,Y,INCOMPLETE,2025-08-25
L000076,N,N,N,N,Y,COMPLETE,2025-11-29
L000077,Y,N,Y,N,Y,COMPLETE,2026-07-15
L000078,Y,N,Y,N,Y,MISSING,2025-10-29
L000079,Y,Y,Y,N,N,COMPLETE,2026-01-12
L000080,Y,Y,Y,N,Y,COMPLETE,2026-04-03
L000081,N,Y,N,N,N,COMPLETE,2026-01-31
L000082,Y,N,Y,N,N,MISSING,2025-12-15
L000083,N,Y,N,N,N,COMPLETE,2026-06-16
L000084,Y,Y,Y,Y,Y,COMPLETE,2026-04-16
L000085,Y,N,N,N,Y,COMPLETE,2026-03-14
L000086,Y,N,N,N,N,COMPLETE,2026-04-17
L000087,Y,N,N,Y,N,COMPLETE,2025-09-15
L000088,Y,Y,Y,N,Y,COMPLETE,2026-02-25
L000089,N,Y,Y,Y,N,COMPLETE,2025-09-14
L000090,Y,N,N,N,N,COMPLETE,2025-10-11
L000091,Y,Y,Y,N,Y,COMPLETE,2025-10-28
L000092,N,Y,Y,Y,Y,COMPLETE,2026-04-15
L000093,Y,Y,Y,Y,Y,COMPLETE,2025-09-13
L000094,N,N,N,N,Y,COMPLETE,2026-06-19
L000095,N,N,N,N,Y,COMPLETE,2026-07-20
L000096,Y,N,N,N,Y,COMPLETE,2025-12-27
L000097,N,Y,Y,N,Y,MISSING,2026-01-25
L000098,Y,Y,N,N,Y,COMPLETE,2025-08-27
L000099,N,N,Y,N,Y,INCOMPLETE,2026-07-09
L000100,N,Y,Y,N,Y,COMPLETE,2026-01-20
L000101,Y,Y,Y,Y,Y,INCOMPLETE,2026-02-07
L000102,Y,Y,Y,N,N,COMPLETE,2026-02-11
L000103,N,Y,Y,N,Y,COMPLETE,2025-11-11
L000104,Y,Y,N,Y,N,COMPLETE,2025-09-24
L000105,Y,N,N,N,N,COMPLETE,2025-09-11
L000106,Y,Y,N,Y,Y,COMPLETE,2025-10-01
L000107,Y,N,Y,Y,N,COMPLETE,2026-01-11
L000108,Y,N,Y,N,Y,COMPLETE,2026-08-05
L000109,Y,Y,Y,N,Y,COMPLETE,2026-08-16
L000110,Y,N,Y,N,Y,COMPLETE,2026-06-25
L000111,Y,N,Y,N,Y,COMPLETE,2025-12-06
L000112,N,Y,Y,N,Y,COMPLETE,2025-09-24
L000113,Y,Y,N,N,N,MISSING,2025-10-05
L000114,Y,N,Y,Y,Y,MISSING,2026-06-02
L000115,Y,N,N,N,Y,COMPLETE,2026-03-06
L000116,Y,N,Y,N,Y,MISSING,2025-09-03
L000117,N,Y,Y,N,N,COMPLETE,2025-12-23
L000118,Y,Y,Y,N,Y,COMPLETE,2025-09-02
L000119,Y,Y,Y,N,N,COMPLETE,2025-12-26
L000120,Y,N,Y,Y,Y,COMPLETE,2025-11-18
L000121,Y,Y,Y,N,Y,COMPLETE,2026-06-16
L000122,Y,N,Y,N,N,COMPLETE,2026-07-23
L000123,Y,N,Y,N,Y,COMPLETE,2026-02-19
L000124,Y,Y,Y,Y,N,COMPLETE,2026-06-19
L000125,Y,N,Y,N,Y,COMPLETE,2025-09-17
L000126,Y,Y,Y,N,Y,INCOMPLETE,2026-02-23
L000127,Y,N,N,Y,Y,COMPLETE,2026-05-17
L000128,Y,N,Y,N,Y,COMPLETE,2025-09-18
L000129,Y,N,Y,N,Y,COMPLETE,2026-03-13
L000130,Y,N,Y,N,Y,COMPLETE,2026-08-19
L000131,Y,N,Y,N,N,COMPLETE,2025-11-21
L000132,N,N,N,N,Y,INCOMPLETE,2026-02-26
L000133,Y,N,Y,N,Y,COMPLETE,2026-08-19
L000134,Y,Y,N,N,N,COMPLETE,2026-04-13
L000135,Y,N,N,Y,N,COMPLETE,2025-11-25
L000136,N,N,Y,N,N,COMPLETE,2026-03-08
L000137,Y,Y,Y,N,Y,COMPLETE,2025-11-04
L000138,N,Y,Y,N,N,INCOMPLETE,2026-06-10
L000139,Y,N,Y,N,Y,COMPLETE,2026-07-17
L000140,Y,Y,Y,Y,Y,COMPLETE,2025-11-16
L000141,N,Y,Y,N,Y,COMPLETE,2026-06-01
L000142,Y,N,Y,N,N,COMPLETE,2025-12-25
L000143,Y,N,Y,N,Y,INCOMPLETE,2025-09-30
L000144,N,Y,Y,N,Y,MISSING,2025-12-18
L000145,N,Y,N,N,Y,COMPLETE,2026-03-15
L000146,Y,Y,N,N,Y,MISSING,2026-04-28
L000147,N,N,Y,Y,N,COMPLETE,2025-11-27
L000148,Y,N,Y,N,N,COMPLETE,2025-09-10
L000149,Y,N,N,Y,Y,COMPLETE,2025-10-05
L000150,Y,N,Y,N,N,MISSING,2026-07-22
L000151,N,Y,Y,Y,Y,COMPLETE,2025-12-23
L000152,N,N,Y,Y,Y,COMPLETE,2026-07-15
L000153,Y,Y,Y,N,Y,COMPLETE,2026-02-09
L000154,Y,Y,N,N,Y,COMPLETE,2025-09-16
L000155,Y,Y,Y,N,Y,COMPLETE,2026-08-10
L000156,Y,N,Y,N,Y,COMPLETE,2026-06-27
L000157,N,Y,N,N,N,COMPLETE,2026-08-08
L000158,Y,Y,Y,N,Y,MISSING,2026-03-29
L000159,N,Y,N,Y,Y,COMPLETE,2026-04-27
L000160,Y,Y,N,N,Y,COMPLETE,2026-05-17
L000161,Y,N,Y,N,N,COMPLETE,2025-11-05
L000162,N,Y,Y,N,N,COMPLETE,2026-01-30
L000163,Y,N,N,N,Y,COMPLETE,2025-12-09
L000164,Y,N,Y,N,Y,COMPLETE,2025-10-27
L000165,N,N,Y,N,N,INCOMPLETE,2026-04-20
L000166,N,N,N,Y,N,COMPLETE,2025-11-06
L000167,N,N,Y,Y,Y,COMPLETE,2026-03-28
L000168,Y,N,Y,N,N,COMPLETE,2026-02-01
L000169,Y,Y,Y,Y,Y,COMPLETE,2025-08-26
L000170,Y,Y,N,N,Y,COMPLETE,2026-06-04
L000171,Y,N,N,Y,Y,COMPLETE,2026-03-22
L000172,Y,N,N,N,Y,COMPLETE,2026-01-10
L000173,Y,Y,N,Y,Y,INCOMPLETE,2026-03-16
L000174,Y,N,Y,N,N,COMPLETE,2026-08-21
L000175,N,N,Y,Y,N,COMPLETE,2026-08-23
L000176,Y,Y,N,N,N,COMPLETE,2026-06-13
L000177,N,Y,Y,Y,Y,COMPLETE,2026-08-12
L000178,Y,Y,Y,Y,Y,COMPLETE,2026-01-07
L000179,Y,Y,Y,N,Y,COMPLETE,2025-11-17
L000180,Y,N,Y,Y,Y,INCOMPLETE,2025-12-01
L000181,Y,Y,N,N,N,INCOMPLETE,2026-06-28
L000182,Y,Y,Y,Y,Y,COMPLETE,2025-12-22
L000183,Y,Y,N,N,Y,COMPLETE,2025-11-27
L000184,Y,Y,Y,N,N,COMPLETE,2025-12-11
L000185,Y,N,Y,N,Y,COMPLETE,2025-11-23
L000186,N,N,Y,N,Y,COMPLETE,2026-02-01
L000187,N,N,Y,N,N,COMPLETE,2026-04-22
L000188,Y,N,Y,Y,Y,MISSING,2025-10-01
L000189,N,N,Y,N,Y,COMPLETE,2026-05-25
L000190,Y,Y,Y,N,N,MISSING,2026-03-11
L000191,N,Y,Y,N,Y,COMPLETE,2026-02-21
L000192,N,Y,Y,N,Y,COMPLETE,2026-06-27
L000193,Y,N,Y,N,Y,INCOMPLETE,2026-03-22
L000194,Y,Y,N,N,Y,COMPLETE,2026-06-25
L000195,N,Y,Y,N,N,COMPLETE,2026-02-10
L000196,N,Y,Y,N,Y,COMPLETE,2026-04-05
L000197,N,N,Y,Y,Y,INCOMPLETE,2026-03-18
L000198,Y,N,Y,N,N,COMPLETE,2026-06-19
L000199,N,Y,N,N,N,COMPLETE,2025-09-25
L000200,N,N,Y,N,Y,COMPLETE,2025-09-26
L000201,Y,Y,Y,N,Y,COMPLETE,2026-05-05
L000202,N,N,N,Y,Y,COMPLETE,2026-03-11
L000203,Y,N,Y,N,N,COMPLETE,2026-02-27
L000204,Y,N,Y,N,Y,COMPLETE,2025-10-15
L000205,N,N,Y,N,N,COMPLETE,2026-08-04
L000206,Y,N,Y,Y,N,MISSING,2025-08-26
L000207,Y,N,N,N,N,COMPLETE,2026-03-16
L000208,Y,N,Y,N,N,COMPLETE,2026-01-12
L000209,Y,N,Y,Y,Y,INCOMPLETE,2025-10-26
L000210,Y,N,N,N,N,COMPLETE,2026-08-15
L000211,Y,N,N,N,Y,COMPLETE,2025-11-16
L000212,Y,N,Y,Y,Y,COMPLETE,2026-04-13
L000213,N,N,Y,N,Y,COMPLETE,2026-06-06
L000214,Y,Y,N,Y,Y,COMPLETE,2025-10-25
L000215,N,N,Y,Y,N,COMPLETE,2025-12-12
L000216,Y,N,Y,N,Y,COMPLETE,2025-10-05
L000217,N,Y,N,Y,N,COMPLETE,2026-03-05
L000218,N,Y,N,Y,Y,COMPLETE,2026-07-13
L000219,Y,N,N,Y,Y,COMPLETE,2026-04-11
L000220,Y,Y,Y,Y,Y,COMPLETE,2026-03-01
L000221,Y,N,Y,N,Y,COMPLETE,2025-09-21
L000222,Y,Y,N,N,Y,COMPLETE,2025-12-08
L000223,N,N,Y,Y,N,COMPLETE,2025-11-17
L000224,Y,N,Y,N,Y,MISSING,2026-06-01
L000225,Y,Y,N,N,Y,COMPLETE,2025-12-19
L000226,Y,Y,Y,N,Y,INCOMPLETE,2026-04-08
L000227,Y,Y,N,N,Y,COMPLETE,2026-05-19
L000228,Y,Y,Y,N,Y,COMPLETE,2025-11-12
L000229,Y,Y,N,N,Y,INCOMPLETE,2026-05-10
L000230,Y,Y,Y,N,Y,INCOMPLETE,2025-11-03
L000231,Y,N,Y,N,Y,INCOMPLETE,2025-12-21
L000232,Y,Y,Y,N,N,COMPLETE,2026-07-24
L000233,Y,Y,Y,N,Y,COMPLETE,2026-06-08
L000234,N,Y,Y,N,Y,COMPLETE,2026-05-22
L000235,Y,N,Y,N,Y,COMPLETE,2025-12-27
L000236,Y,N,Y,Y,Y,INCOMPLETE,2026-06-21
L000237,N,N,N,N,Y,COMPLETE,2025-10-14
L000238,Y,Y,Y,N,N,MISSING,2025-10-01
L000239,N,N,Y,N,Y,COMPLETE,2025-10-16
L000240,Y,Y,Y,N,Y,COMPLETE,2025-12-14
L000241,Y,N,N,N,Y,COMPLETE,2025-10-19
L000242,Y,N,Y,N,N,COMPLETE,2026-01-12
L000243,Y,Y,Y,Y,Y,COMPLETE,2025-08-25
L000244,Y,Y,N,N,N,COMPLETE,2026-04-22
L000245,Y,Y,Y,N,N,COMPLETE,2026-05-20
L000246,Y,Y,Y,N,N,COMPLETE,2026-08-16
L000247,Y,N,N,N,N,INCOMPLETE,2026-06-05
L000248,Y,N,Y,N,Y,INCOMPLETE,2025-10-23
L000249,Y,N,Y,Y,Y,COMPLETE,2025-09-16
L000250,Y,N,Y,N,Y,COMPLETE,2026-07-11
L000251,Y,Y,Y,N,Y,INCOMPLETE,2026-08-18
L000252,N,Y,Y,N,Y,COMPLETE,2026-03-29
L000253,N,Y,Y,N,N,COMPLETE,2026-06-12
L000254,Y,N,Y,Y,Y,COMPLETE,2025-11-16
L000255,Y,N,Y,Y,Y,COMPLETE,2026-01-24
L000256,Y,Y,Y,N,Y,COMPLETE,2026-03-12
L000257,N,N,Y,N,Y,COMPLETE,2025-11-29
L000258,Y,Y,N,N,Y,COMPLETE,2026-01-20
L000259,N,N,Y,Y,N,COMPLETE,2025-11-15
L000260,Y,N,Y,Y,Y,COMPLETE,2026-05-01
L000261,N,Y,Y,N,N,MISSING,2026-07-13
L000262,Y,Y,Y,Y,N,COMPLETE,2026-06-06
L000263,Y,Y,Y,N,N,COMPLETE,2026-02-02
L000264,Y,N,Y,N,Y,MISSING,2026-04-01
L000265,N,N,Y,N,Y,COMPLETE,2025-11-24
L000266,Y,Y,Y,Y,Y,COMPLETE,2026-06-25
L000267,Y,Y,Y,N,Y,COMPLETE,2025-11-03
L000268,N,Y,Y,N,Y,COMPLETE,2025-10-25
L000269,Y,N,N,N,Y,COMPLETE,2026-07-12
L000270,N,N,Y,N,Y,COMPLETE,2026-07-29
L000271,Y,N,Y,N,Y,INCOMPLETE,2026-05-06
L000272,N,N,Y,N,Y,COMPLETE,2025-10-02
L000273,Y,Y,Y,N,N,COMPLETE,2025-12-15
L000274,Y,Y,Y,N,Y,COMPLETE,2026-08-08
L000275,Y,Y,Y,N,Y,COMPLETE,2026-07-16
L000276,Y,N,Y,N,Y,COMPLETE,2026-06-29
L000277,Y,N,N,N,Y,COMPLETE,2026-07-13
L000278,Y,N,Y,Y,N,COMPLETE,2026-05-10
L000279,Y,Y,Y,N,Y,MISSING,2026-02-09
L000280,Y,Y,Y,N,N,COMPLETE,2026-02-08
L000281,N,Y,Y,Y,Y,COMPLETE,2026-07-29
L000282,Y,Y,Y,Y,Y,COMPLETE,2025-09-05
L000283,N,Y,Y,N,Y,MISSING,2026-04-18
L000284,Y,N,Y,N,N,COMPLETE,2026-02-20
L000285,Y,Y,Y,Y,Y,COMPLETE,2026-01-11
L000286,Y,N,Y,N,Y,COMPLETE,2026-02-17
L000287,Y,N,N,Y,Y,COMPLETE,2026-06-29
L000288,Y,Y,Y,N,Y,INCOMPLETE,2025-11-28
L000289,N,N,Y,Y,Y,COMPLETE,2026-01-20
L000290,Y,Y,Y,N,Y,MISSING,2026-02-18
L000291,N,N,N,N,Y,COMPLETE,2025-11-01
L000292,Y,N,N,Y,Y,COMPLETE,2026-06-08
L000293,Y,N,N,N,N,INCOMPLETE,2026-06-02
L000294,N,Y,Y,N,Y,MISSING,2025-11-30
L000295,Y,N,Y,Y,Y,MISSING,2026-03-15
L000296,Y,Y,Y,N,Y,COMPLETE,2026-06-26
L000297,Y,N,Y,N,Y,MISSING,2026-01-11
L000298,Y,Y,Y,N,Y,MISSING,2025-12-27
L000299,Y,Y,Y,N,Y,COMPLETE,2026-03-13
L000300,Y,N,Y,N,Y,COMPLETE,2026-08-22
L000301,Y,N,Y,Y,N,MISSING,2026-07-09
L000302,N,N,Y,N,Y,COMPLETE,2026-05-11
L000303,Y,Y,Y,N,Y,COMPLETE,2025-11-25
L000304,Y,Y,Y,N,Y,COMPLETE,2026-04-21
L000305,Y,N,N,N,Y,COMPLETE,2026-08-09
L000306,Y,Y,Y,N,Y,INCOMPLETE,2026-07-26
L000307,N,Y,Y,Y,Y,COMPLETE,2026-04-03
L000308,Y,N,Y,N,N,COMPLETE,2026-07-20
L000309,Y,N,N,N,Y,COMPLETE,2026-01-13
L000310,Y,N,Y,Y,Y,MISSING,2026-07-24
L000311,N,N,Y,N,Y,INCOMPLETE,2026-01-20
L000312,Y,N,Y,Y,N,INCOMPLETE,2025-10-23
L000313,Y,Y,Y,N,Y,COMPLETE,2025-09-06
L000314,N,N,Y,Y,Y,INCOMPLETE,2025-12-14
L000315,Y,N,Y,N,Y,INCOMPLETE,2026-04-27
L000316,Y,N,Y,N,Y,COMPLETE,2026-08-07
L000317,Y,N,Y,Y,N,INCOMPLETE,2025-12-24
L000318,Y,Y,Y,N,Y,COMPLETE,2026-04-23
L000319,Y,Y,N,N,N,INCOMPLETE,2026-08-01
L000320,N,N,Y,N,N,COMPLETE,2026-06-28
L000321,Y,Y,Y,Y,N,COMPLETE,2025-10-04
L000322,Y,N,N,N,Y,COMPLETE,2026-04-10
L000323,Y,N,N,Y,Y,INCOMPLETE,2025-12-23
L000324,Y,Y,N,N,Y,COMPLETE,2026-02-20
L000325,Y,Y,N,N,Y,COMPLETE,2026-08-22
L000326,Y,N,Y,Y,N,COMPLETE,2026-03-10
L000327,N,N,Y,N,Y,COMPLETE,2026-02-22
L000329,Y,Y,Y,N,N,MISSING,2026-08-08
L000330,Y,N,Y,N,Y,COMPLETE,2026-01-08
L000331,Y,N,N,N,Y,COMPLETE,2026-05-11
L000332,Y,N,Y,N,N,COMPLETE,2025-10-23
L000333,Y,N,Y,N,N,COMPLETE,2025-10-03
L000334,N,Y,N,N,N,INCOMPLETE,2025-10-15
L000335,Y,Y,N,N,Y,COMPLETE,2026-06-23
L000336,Y,Y,N,N,Y,COMPLETE,2025-11-14
L000337,Y,Y,Y,Y,Y,COMPLETE,2026-02-06
L000338,N,N,Y,N,Y,INCOMPLETE,2025-08-27
L000339,Y,N,N,Y,Y,COMPLETE,2026-01-01
L000340,Y,N,Y,Y,Y,INCOMPLETE,2025-12-13
L000341,N,Y,Y,Y,Y,COMPLETE,2026-04-27
L000342,N,N,Y,Y,N,INCOMPLETE,2026-06-08
L000343,Y,N,Y,Y,Y,COMPLETE,2025-12-21
L000344,Y,Y,Y,N,N,COMPLETE,2025-10-12
L000345,Y,Y,Y,Y,N,COMPLETE,2025-11-07
L000346,Y,N,Y,N,Y,INCOMPLETE,2025-11-03
L000347,Y,N,N,N,N,INCOMPLETE,2025-08-28
L000348,Y,N,Y,N,Y,COMPLETE,2026-01-01
L000349,Y,N,Y,Y,N,COMPLETE,2026-07-05
L000350,N,Y,Y,N,Y,COMPLETE,2026-03-13
L000351,Y,Y,Y,Y,N,COMPLETE,2026-07-01
L000352,Y,N,Y,Y,Y,MISSING,2025-09-12
L000353,Y,Y,Y,N,N,COMPLETE,2025-11-29
L000354,Y,Y,Y,Y,Y,INCOMPLETE,2026-06-21
L000355,Y,Y,Y,Y,N,COMPLETE,2026-04-19
L000356,Y,N,Y,N,N,COMPLETE,2025-10-29
L000357,Y,Y,N,Y,N,MISSING,2025-11-10
L000358,N,Y,N,N,Y,COMPLETE,2026-06-28
L000359,N,Y,Y,N,N,COMPLETE,2026-08-21
L000360,Y,N,Y,N,Y,COMPLETE,2026-07-17
L000361,N,N,Y,N,N,COMPLETE,2026-04-20
L000362,Y,Y,N,N,Y,MISSING,2026-01-12
L000363,Y,Y,Y,Y,Y,COMPLETE,2025-09-15
L000364,Y,N,N,Y,Y,INCOMPLETE,2026-03-17
L000365,Y,Y,N,N,Y,COMPLETE,2026-04-27
L000366,Y,N,Y,Y,Y,COMPLETE,2026-07-04
L000367,Y,Y,Y,N,N,COMPLETE,2025-12-03
L000368,Y,Y,Y,N,N,COMPLETE,2025-12-21
L000369,Y,N,N,N,Y,COMPLETE,2026-07-20
L000370,Y,N,Y,Y,Y,INCOMPLETE,2026-04-26
L000371,Y,Y,N,Y,Y,COMPLETE,2025-09-10
L000372,N,Y,N,Y,Y,COMPLETE,2025-11-04
L000373,Y,N,Y,Y,N,COMPLETE,2026-05-04
L000374,Y,Y,N,Y,N,COMPLETE,2026-05-19
L000375,Y,Y,Y,N,Y,COMPLETE,2025-12-29
L000376,Y,Y,N,N,N,COMPLETE,2026-08-10
L000377,N,Y,Y,Y,Y,COMPLETE,2026-02-16
L000378,Y,Y,N,Y,Y,COMPLETE,2026-04-08
L000379,N,N,Y,N,Y,COMPLETE,2025-12-23
L000380,Y,Y,Y,N,Y,INCOMPLETE,2026-03-09
L000381,Y,Y,Y,N,Y,COMPLETE,2026-01-11
L000382,Y,Y,Y,N,Y,MISSING,2026-08-07
L000383,Y,N,Y,Y,Y,COMPLETE,2025-08-30
L000384,Y,Y,Y,N,N,INCOMPLETE,2026-01-24
L000385,Y,N,Y,N,Y,MISSING,2026-01-08
L000386,Y,N,Y,N,Y,COMPLETE,2026-03-16
L000387,Y,Y,Y,Y,Y,MISSING,2025-09-18
L000388,Y,N,N,N,Y,COMPLETE,2026-05-27
L000389,Y,Y,N,N,Y,INCOMPLETE,2025-10-21
L000390,Y,Y,Y,Y,Y,INCOMPLETE,2025-10-07
L000391,Y,N,Y,N,N,COMPLETE,2026-07-29
L000392,N,N,Y,N,Y,INCOMPLETE,2026-04-07
L000393,N,N,Y,N,Y,COMPLETE,2026-07-30
L000394,Y,Y,Y,Y,Y,COMPLETE,2026-01-25
L000395,Y,N,Y,N,Y,COMPLETE,2026-05-08
L000396,Y,N,Y,Y,Y,COMPLETE,2026-04-02
L000397,Y,N,N,N,Y,COMPLETE,2026-01-20
L000398,Y,Y,Y,N,Y,COMPLETE,2025-10-20
L000399,Y,Y,Y,N,Y,COMPLETE,2026-07-01
L000400,N,N,Y,N,N,COMPLETE,2025-11-12
L000401,Y,N,Y,N,Y,COMPLETE,2026-06-30
L000402,Y,Y,N,Y,Y,COMPLETE,2025-10-05
L000403,N,N,N,N,N,COMPLETE,2026-05-20
L000404,Y,Y,Y,Y,N,COMPLETE,2025-10-30
L000405,N,N,N,Y,Y,COMPLETE,2026-02-13
L000406,Y,N,Y,N,Y,COMPLETE,2026-01-22
L000407,Y,N,Y,N,N,COMPLETE,2025-09-18
L000408,Y,Y,Y,Y,Y,INCOMPLETE,2025-10-05
L000409,Y,N,Y,N,N,COMPLETE,2025-08-26
L000410,Y,N,Y,N,Y,COMPLETE,2026-04-10
L000411,Y,N,Y,Y,N,COMPLETE,2026-02-09
L000412,Y,N,N,Y,N,COMPLETE,2026-03-29
L000413,N,Y,N,Y,Y,COMPLETE,2025-10-02
L000414,N,N,Y,N,Y,MISSING,2026-01-05
L000415,Y,N,Y,N,Y,COMPLETE,2025-11-09
L000416,Y,N,Y,N,Y,INCOMPLETE,2025-11-05
L000417,N,N,N,N,Y,COMPLETE,2025-09-03
L000418,N,Y,Y,N,Y,COMPLETE,2026-02-19
L000419,Y,N,Y,Y,Y,COMPLETE,2025-09-26
L000420,Y,Y,N,N,N,COMPLETE,2026-08-17
L000421,Y,N,N,N,N,COMPLETE,2025-10-07
L000422,Y,N,Y,N,N,COMPLETE,2026-01-24
L000423,N,Y,Y,N,Y,COMPLETE,2025-12-21
L000424,Y,N,Y,N,Y,INCOMPLETE,2025-12-28
L000425,Y,Y,Y,N,Y,COMPLETE,2026-02-21
L000426,Y,N,Y,N,Y,COMPLETE,2025-10-11
L000427,Y,N,Y,Y,Y,COMPLETE,2025-10-06
L000428,Y,N,Y,N,N,COMPLETE,2026-02-23
L000429,Y,N,N,N,N,COMPLETE,2026-04-23
L000430,Y,N,Y,Y,N,MISSING,2026-03-07
L000431,Y,N,Y,Y,N,COMPLETE,2025-12-27
L000432,N,Y,Y,N,Y,COMPLETE,2025-09-14
L000433,N,Y,Y,Y,N,INCOMPLETE,2026-01-18
L000434,N,Y,Y,N,Y,INCOMPLETE,2025-11-21
L000435,Y,Y,N,N,N,INCOMPLETE,2026-04-11
L000436,Y,N,Y,N,Y,COMPLETE,2025-12-21
L000437,N,Y,N,N,Y,COMPLETE,2025-12-28
L000438,Y,Y,Y,N,Y,COMPLETE,2026-03-30
L000439,Y,Y,N,Y,N,COMPLETE,2026-03-07
L000440,Y,N,Y,N,N,COMPLETE,2026-08-06
L000441,Y,N,Y,N,Y,COMPLETE,2025-11-26
L000442,Y,N,Y,Y,Y,COMPLETE,2026-08-01
L000443,Y,Y,Y,Y,N,COMPLETE,2025-11-01
L000444,Y,Y,Y,N,Y,COMPLETE,2026-01-15
L000445,Y,N,Y,Y,N,COMPLETE,2025-09-02
L000446,N,N,Y,Y,N,COMPLETE,2025-11-04
L000447,Y,N,Y,Y,Y,COMPLETE,2026-07-01
L000448,Y,N,Y,N,Y,MISSING,2025-10-26
L000449,Y,Y,Y,N,Y,COMPLETE,2026-05-20
L000450,Y,Y,Y,N,Y,MISSING,2025-09-10
L000451,N,N,Y,Y,N,MISSING,2026-03-29
L000452,Y,Y,N,N,N,COMPLETE,2026-03-31
L000453,Y,N,N,Y,Y,COMPLETE,2026-04-23
L000454,Y,N,Y,N,Y,COMPLETE,2026-05-25
L000455,N,N,Y,N,Y,MISSING,2025-11-03
L000456,Y,Y,N,Y,Y,COMPLETE,2026-03-09
L000457,Y,Y,Y,N,Y,COMPLETE,2026-06-11
L000458,Y,N,Y,N,Y,COMPLETE,2025-11-12
L000459,N,N,Y,N,N,INCOMPLETE,2025-11-28
L000460,Y,Y,Y,N,Y,COMPLETE,2025-12-08
L000461,N,N,Y,N,N,COMPLETE,2025-10-13
L000462,Y,Y,Y,Y,Y,COMPLETE,2026-06-01
L000463,N,N,Y,Y,N,COMPLETE,2026-03-15
L000464,N,Y,Y,N,N,COMPLETE,2026-08-15
L000465,Y,Y,Y,Y,N,INCOMPLETE,2026-01-01
L000466,Y,Y,Y,N,Y,COMPLETE,2025-09-06
L000467,Y,N,Y,Y,Y,COMPLETE,2025-11-27
L000468,Y,N,N,Y,Y,COMPLETE,2026-07-15
L000469,Y,N,Y,Y,N,COMPLETE,2026-06-27
L000470,Y,N,Y,N,Y,INCOMPLETE,2026-07-09
L000471,Y,N,Y,N,Y,COMPLETE,2026-07-22
L000472,N,N,Y,Y,Y,COMPLETE,2026-08-10
L000473,N,Y,Y,Y,Y,COMPLETE,2025-08-31
L000474,N,Y,N,Y,Y,INCOMPLETE,2025-12-21
L000475,Y,Y,Y,Y,N,INCOMPLETE,2026-03-29
L000476,Y,N,Y,Y,N,COMPLETE,2026-06-05
L000477,Y,N,Y,Y,Y,COMPLETE,2025-11-29
L000478,N,N,Y,N,N,COMPLETE,2026-01-30
L000479,Y,Y,Y,Y,Y,COMPLETE,2025-11-20
L000480,Y,N,N,Y,Y,INCOMPLETE,2025-08-25
L000481,Y,Y,Y,N,Y,COMPLETE,2026-03-16
L000482,Y,Y,Y,N,Y,COMPLETE,2025-10-07
L000483,N,Y,Y,N,Y,COMPLETE,2026-05-19
L000484,Y,N,N,N,Y,COMPLETE,2026-03-10
L000485,Y,N,N,Y,Y,COMPLETE,2026-08-20
L000486,Y,Y,Y,N,Y,INCOMPLETE,2026-07-26
L000487,N,N,N,Y,N,INCOMPLETE,2026-03-05
L000488,Y,Y,Y,N,Y,COMPLETE,2026-06-26
L000489,Y,Y,N,Y,Y,MISSING,2026-08-14
L000490,Y,N,Y,N,Y,COMPLETE,2026-05-29
L000491,N,N,N,N,Y,COMPLETE,2026-03-29
L000492,Y,N,Y,N,Y,COMPLETE,2026-04-13
L000493,Y,N,N,N,Y,COMPLETE,2026-07-24
L000494,Y,Y,Y,N,Y,COMPLETE,2025-09-16
L000495,N,Y,N,N,Y,INCOMPLETE,2026-01-09
L000496,Y,N,Y,N,Y,COMPLETE,2025-11-09
L000497,Y,N,Y,Y,Y,MISSING,2025-09-21
L000498,Y,N,Y,Y,Y,COMPLETE,2026-04-11
L000499,Y,N,Y,N,Y,COMPLETE,2026-05-01
L000500,N,N,N,N,Y,COMPLETE,2026-03-17
L000501,Y,Y,N,Y,Y,COMPLETE,2025-12-14
L000502,N,Y,Y,N,Y,COMPLETE,2026-06-29
L000503,Y,Y,N,N,N,COMPLETE,2025-12-08
L000504,Y,N,Y,N,Y,COMPLETE,2025-10-08
L000505,N,N,N,Y,Y,COMPLETE,2026-06-18
L000506,Y,Y,Y,N,Y,COMPLETE,2026-06-25
L000507,Y,Y,Y,N,N,INCOMPLETE,2026-06-29
L000508,Y,Y,N,Y,N,COMPLETE,2025-12-19
L000509,Y,Y,N,N,Y,INCOMPLETE,2026-07-28
L000510,Y,Y,Y,N,N,COMPLETE,2026-04-09
L000511,Y,N,N,N,N,INCOMPLETE,2025-11-21
L000512,Y,Y,Y,N,Y,COMPLETE,2026-01-29
L000513,Y,Y,Y,N,Y,COMPLETE,2025-11-11
L000514,Y,Y,Y,N,N,COMPLETE,2026-07-20
L000515,N,Y,Y,N,N,COMPLETE,2026-04-23
L000516,N,Y,Y,N,Y,COMPLETE,2025-10-10
L000517,Y,N,Y,N,Y,INCOMPLETE,2026-07-16
L000518,N,N,Y,N,Y,INCOMPLETE,2026-02-28
L000519,N,Y,N,Y,Y,INCOMPLETE,2026-04-22
L000520,N,N,Y,Y,Y,COMPLETE,2026-05-25
L000521,Y,N,Y,Y,N,MISSING,2026-08-14
L000522,N,N,Y,N,Y,COMPLETE,2025-12-30
L000523,Y,N,Y,N,Y,COMPLETE,2026-03-30
L000524,Y,Y,Y,N,Y,COMPLETE,2026-03-12
L000525,Y,N,Y,N,N,COMPLETE,2026-08-11
L000526,Y,N,N,Y,Y,COMPLETE,2026-03-17
L000527,N,Y,N,Y,Y,COMPLETE,2025-09-09
L000528,Y,N,Y,N,Y,COMPLETE,2025-12-28
L000529,Y,N,Y,Y,Y,COMPLETE,2026-06-21
L000530,N,Y,Y,N,Y,COMPLETE,2026-06-27
L000531,Y,Y,Y,N,N,INCOMPLETE,2026-06-25
L000532,Y,N,Y,N,Y,COMPLETE,2025-11-20
L000533,Y,N,Y,N,Y,COMPLETE,2026-06-04
L000534,Y,N,Y,N,Y,COMPLETE,2026-05-02
L000535,Y,Y,Y,N,Y,MISSING,2026-02-21
L000536,Y,N,Y,Y,Y,COMPLETE,2026-06-05
L000537,Y,N,Y,Y,Y,COMPLETE,2025-12-25
L000538,Y,Y,Y,Y,Y,MISSING,2025-10-10
L000539,Y,N,Y,N,Y,COMPLETE,2026-07-08
L000540,Y,Y,Y,Y,N,MISSING,2026-08-23
L000541,N,N,Y,N,N,MISSING,2026-07-21
L000542,Y,N,Y,Y,Y,COMPLETE,2025-08-31
L000543,Y,N,Y,N,Y,COMPLETE,2025-10-15
L000544,Y,Y,Y,N,Y,COMPLETE,2026-05-12
L000545,Y,N,Y,N,Y,COMPLETE,2026-08-01
L000546,N,Y,Y,N,Y,COMPLETE,2026-05-11
L000547,Y,Y,Y,N,Y,COMPLETE,2026-07-20
L000548,Y,N,N,N,Y,INCOMPLETE,2026-01-16
L000549,Y,Y,N,N,N,COMPLETE,2026-07-12
L000550,Y,N,Y,N,Y,COMPLETE,2026-06-25
L000551,Y,Y,Y,Y,Y,COMPLETE,2026-04-27
L000552,Y,N,N,N,Y,COMPLETE,2025-09-14
L000553,Y,Y,Y,Y,Y,COMPLETE,2026-05-09
L000554,Y,Y,Y,Y,N,COMPLETE,2026-08-22
L000555,Y,N,Y,N,N,COMPLETE,2026-06-07
L000556,N,Y,Y,Y,Y,INCOMPLETE,2026-04-21
L000557,N,N,N,N,Y,COMPLETE,2025-12-12
L000558,Y,N,Y,N,Y,COMPLETE,2025-12-23
L000559,N,N,Y,N,N,COMPLETE,2026-05-11
L000560,N,Y,Y,N,N,MISSING,2026-06-10
L000561,Y,Y,Y,N,Y,COMPLETE,2025-10-17
L000562,Y,N,N,N,Y,COMPLETE,2025-12-29
L000563,Y,Y,N,Y,Y,COMPLETE,2025-12-08
L000564,N,Y,N,N,N,MISSING,2025-09-07
L000565,Y,Y,N,N,N,COMPLETE,2026-08-17
L000566,N,N,Y,Y,Y,COMPLETE,2026-03-18
L000567,Y,N,Y,N,N,COMPLETE,2026-03-12
L000568,Y,N,Y,N,Y,COMPLETE,2026-06-05
L000569,Y,Y,N,N,Y,COMPLETE,2026-06-22
L000570,Y,Y,Y,N,N,COMPLETE,2025-10-12
L000571,Y,N,Y,N,Y,COMPLETE,2026-08-02
L000572,Y,Y,Y,N,Y,MISSING,2026-03-15
L000573,N,N,Y,N,Y,COMPLETE,2026-05-06
L000574,Y,Y,N,N,Y,COMPLETE,2026-01-24
L000575,Y,Y,Y,N,N,INCOMPLETE,2025-12-24
L000576,Y,Y,Y,N,Y,COMPLETE,2026-08-20
L000577,Y,N,Y,N,Y,COMPLETE,2026-04-23
L000578,N,Y,Y,N,N,INCOMPLETE,2025-11-28
L000579,N,Y,Y,Y,Y,INCOMPLETE,2026-03-14
L000580,N,Y,Y,N,N,COMPLETE,2026-07-16
L000581,Y,Y,Y,N,N,COMPLETE,2026-06-15
L000582,Y,N,Y,N,Y,COMPLETE,2026-06-29
L000583,N,Y,N,Y,N,INCOMPLETE,2026-02-25
L000584,N,N,N,Y,Y,COMPLETE,2026-08-17
L000585,N,N,N,N,Y,INCOMPLETE,2026-03-07
L000586,N,N,Y,N,Y,COMPLETE,2025-10-21
L000587,N,N,N,N,N,COMPLETE,2026-03-02
L000588,Y,Y,Y,N,N,INCOMPLETE,2026-01-31
L000589,N,Y,Y,N,N,COMPLETE,2025-12-30
L000590,Y,Y,N,N,N,COMPLETE,2026-01-15
L000591,Y,Y,Y,N,Y,COMPLETE,2026-06-02
L000592,N,Y,N,N,N,COMPLETE,2026-04-25
L000593,Y,Y,N,Y,Y,COMPLETE,2026-04-17
L000594,N,N,Y,N,Y,INCOMPLETE,2026-07-11
L000595,Y,Y,Y,N,Y,COMPLETE,2025-09-30
L000596,Y,N,Y,N,N,MISSING,2025-08-28
L000597,Y,Y,N,Y,Y,COMPLETE,2026-02-18
L000598,Y,N,Y,Y,N,COMPLETE,2026-01-17
L000599,N,N,N,N,Y,COMPLETE,2026-01-14
L000600,Y,N,Y,N,Y,COMPLETE,2025-10-23
L000601,Y,N,N,N,N,COMPLETE,2026-03-12
L000602,Y,N,Y,N,Y,COMPLETE,2026-07-06
L000603,N,N,N,Y,N,COMPLETE,2025-12-16
L000604,Y,Y,Y,N,Y,COMPLETE,2026-06-19
L000605,Y,N,Y,Y,Y,INCOMPLETE,2026-05-15
L000606,Y,Y,N,N,Y,INCOMPLETE,2026-02-01
L000607,Y,Y,N,Y,N,COMPLETE,2025-09-17
L000608,N,Y,Y,N,Y,COMPLETE,2026-04-17
L000609,Y,Y,Y,Y,Y,COMPLETE,2026-05-26
L000610,Y,N,N,N,Y,COMPLETE,2025-11-03
L000611,Y,N,Y,Y,Y,COMPLETE,2026-02-23
L000612,Y,N,Y,N,Y,INCOMPLETE,2025-09-14
L000613,Y,Y,Y,N,Y,COMPLETE,2026-02-14
L000614,Y,Y,N,N,Y,COMPLETE,2025-11-10
L000615,N,N,Y,Y,Y,COMPLETE,2025-09-14
L000616,Y,N,Y,N,N,INCOMPLETE,2026-06-01
L000617,Y,Y,Y,N,Y,COMPLETE,2026-08-14
L000618,Y,Y,N,N,N,COMPLETE,2025-09-29
L000619,Y,Y,Y,N,Y,COMPLETE,2026-03-19
L000620,Y,N,N,N,N,COMPLETE,2026-04-02
L000621,Y,N,N,N,Y,COMPLETE,2025-10-03
L000622,N,N,N,Y,N,INCOMPLETE,2026-05-08
L000623,Y,Y,Y,N,Y,COMPLETE,2025-09-21
L000624,Y,Y,Y,N,N,COMPLETE,2026-03-28
L000625,Y,Y,Y,N,N,COMPLETE,2026-02-11
L000626,Y,Y,Y,Y,N,COMPLETE,2026-02-23
L000627,Y,N,Y,Y,Y,COMPLETE,2026-07-19
L000628,Y,N,Y,N,N,COMPLETE,2026-07-10
L000629,Y,N,Y,N,N,MISSING,2026-02-12
L000630,Y,Y,Y,Y,Y,COMPLETE,2026-04-11
L000631,Y,Y,N,N,Y,COMPLETE,2026-08-14
L000632,N,Y,Y,N,Y,COMPLETE,2025-10-16
L000633,Y,Y,Y,N,N,COMPLETE,2025-09-23
L000634,Y,N,Y,N,Y,COMPLETE,2025-09-05
L000635,Y,Y,Y,Y,N,COMPLETE,2026-07-19
L000636,Y,N,Y,N,Y,COMPLETE,2025-09-21
L000637,Y,N,Y,N,Y,MISSING,2025-12-09
L000638,Y,N,N,Y,Y,COMPLETE,2026-08-10
L000639,N,Y,Y,N,N,COMPLETE,2026-01-31
L000640,Y,N,Y,Y,Y,COMPLETE,2026-04-16
L000641,Y,Y,N,N,Y,COMPLETE,2025-12-14
L000642,Y,N,N,Y,Y,COMPLETE,2025-09-30
L000643,Y,N,N,N,N,COMPLETE,2025-08-31
L000644,Y,N,Y,N,N,INCOMPLETE,2025-12-02
L000645,Y,N,Y,N,Y,INCOMPLETE,2025-10-28
L000646,Y,N,N,N,N,COMPLETE,2026-06-01
L000647,N,Y,Y,Y,Y,INCOMPLETE,2026-02-25
L000648,Y,N,Y,Y,Y,MISSING,2026-01-08
L000649,N,Y,Y,N,Y,COMPLETE,2026-05-18
L000650,Y,Y,N,N,Y,COMPLETE,2025-09-18
L000651,Y,N,N,N,Y,INCOMPLETE,2025-10-13
L000652,N,Y,N,N,Y,COMPLETE,2026-06-13
L000653,Y,Y,Y,Y,Y,COMPLETE,2026-01-19
L000654,Y,N,N,Y,Y,COMPLETE,2025-10-03
L000655,Y,N,Y,N,N,COMPLETE,2025-09-26
L000656,N,Y,Y,N,N,COMPLETE,2026-05-06
L000657,N,N,Y,Y,N,COMPLETE,2025-10-04
L000658,Y,N,Y,N,Y,INCOMPLETE,2026-05-25
L000659,N,N,Y,Y,Y,COMPLETE,2026-02-27
L000660,Y,N,Y,N,Y,COMPLETE,2025-09-22
L000661,Y,N,Y,N,N,COMPLETE,2026-07-06
L000662,Y,N,Y,N,N,COMPLETE,2026-06-27
L000663,N,N,Y,N,N,MISSING,2025-09-25
L000664,N,Y,Y,N,Y,COMPLETE,2026-08-21
L000665,Y,N,N,N,Y,INCOMPLETE,2026-01-06
L000666,Y,N,Y,Y,N,COMPLETE,2026-03-13
L000667,Y,Y,Y,Y,N,MISSING,2026-08-09
L000668,Y,Y,N,N,Y,MISSING,2025-12-23
L000669,Y,Y,Y,N,N,COMPLETE,2026-01-17
L000670,Y,N,N,N,Y,COMPLETE,2026-08-20
L000671,Y,N,Y,N,Y,COMPLETE,2026-08-24
L000672,Y,Y,Y,N,N,COMPLETE,2026-01-04
L000673,N,N,N,N,Y,INCOMPLETE,2026-02-03
L000674,Y,N,Y,N,Y,COMPLETE,2025-12-23
L000675,N,N,Y,Y,Y,COMPLETE,2025-12-01
L000676,Y,Y,Y,Y,Y,COMPLETE,2026-03-25
L000677,N,Y,Y,N,N,COMPLETE,2026-08-13
L000678,N,Y,N,N,Y,INCOMPLETE,2025-12-31
L000679,Y,Y,Y,Y,Y,COMPLETE,2025-10-23
L000680,Y,N,Y,N,Y,COMPLETE,2026-05-13
L000681,Y,N,Y,N,Y,COMPLETE,2026-07-30
L000682,N,N,Y,N,N,COMPLETE,2026-01-15
L000683,N,Y,Y,N,Y,COMPLETE,2026-06-24
L000684,N,N,N,N,Y,COMPLETE,2026-07-02
L000685,Y,N,N,Y,N,MISSING,2026-02-07
L000686,Y,N,Y,N,Y,INCOMPLETE,2026-06-09
L000687,Y,Y,Y,N,N,INCOMPLETE,2025-11-20
L000688,Y,N,N,N,N,COMPLETE,2025-12-09
L000689,Y,N,Y,N,Y,COMPLETE,2025-11-26
L000690,N,N,Y,N,Y,MISSING,2026-05-21
L000691,Y,Y,Y,N,N,COMPLETE,2026-03-11
L000692,Y,N,Y,N,Y,COMPLETE,2026-05-17
L000693,Y,N,N,Y,N,COMPLETE,2026-07-22
L000694,Y,N,N,N,N,MISSING,2026-04-05
L000695,Y,Y,Y,N,Y,COMPLETE,2025-10-17
L000696,Y,Y,N,Y,Y,INCOMPLETE,2026-07-27
L000697,Y,Y,Y,N,Y,COMPLETE,2025-11-06
L000698,N,Y,N,N,Y,INCOMPLETE,2026-06-25
L000699,Y,N,Y,N,N,COMPLETE,2026-04-23
L000700,N,Y,Y,N,Y,COMPLETE,2026-03-22
L000701,N,N,Y,N,Y,COMPLETE,2026-02-28
L000702,Y,N,Y,N,Y,COMPLETE,2026-06-06
L000703,N,Y,Y,N,N,COMPLETE,2025-11-24
L000704,Y,Y,N,N,Y,COMPLETE,2025-11-30
L000705,Y,N,Y,Y,Y,INCOMPLETE,2026-01-18
L000706,N,Y,Y,N,Y,COMPLETE,2025-10-17
L000707,Y,Y,Y,N,Y,COMPLETE,2026-08-09
L000708,Y,N,Y,N,N,COMPLETE,2025-10-09
L000709,N,N,Y,N,Y,COMPLETE,2026-08-21
L000710,Y,Y,Y,Y,Y,COMPLETE,2025-12-01
L000711,N,Y,N,N,N,COMPLETE,2026-01-14
L000712,Y,Y,Y,N,Y,COMPLETE,2025-12-28
L000713,N,N,Y,N,Y,COMPLETE,2026-02-28
L000714,Y,Y,Y,Y,N,COMPLETE,2026-07-13
L000715,Y,Y,N,Y,Y,COMPLETE,2025-10-10
L000716,Y,Y,N,N,N,INCOMPLETE,2026-07-27
L000717,Y,N,Y,N,N,COMPLETE,2025-10-13
L000718,Y,N,Y,Y,N,COMPLETE,2025-11-22
L000719,Y,Y,Y,N,N,COMPLETE,2026-06-24
L000720,Y,N,N,N,N,COMPLETE,2026-07-04
L000721,Y,Y,Y,N,N,INCOMPLETE,2026-02-20
L000722,Y,Y,Y,Y,Y,COMPLETE,2025-12-09
L000723,Y,N,Y,Y,Y,COMPLETE,2026-05-31
L000724,Y,Y,Y,Y,Y,COMPLETE,2025-09-01
L000725,Y,Y,Y,N,Y,INCOMPLETE,2025-12-20
L000726,N,N,N,Y,N,COMPLETE,2026-05-15
L000727,Y,N,Y,Y,Y,COMPLETE,2025-09-05
L000728,Y,N,Y,N,N,COMPLETE,2026-03-28
L000729,Y,N,Y,N,Y,COMPLETE,2026-02-28
L000730,N,Y,Y,N,N,COMPLETE,2026-01-17
L000731,Y,N,N,N,Y,COMPLETE,2025-11-29
L000732,Y,N,Y,N,Y,INCOMPLETE,2026-06-16
L000733,N,Y,Y,N,N,COMPLETE,2026-01-27
L000734,N,N,Y,Y,Y,COMPLETE,2026-06-16
L000735,N,Y,Y,N,Y,INCOMPLETE,2026-03-31
L000736,N,N,Y,N,N,COMPLETE,2025-09-02
L000737,N,Y,N,Y,Y,MISSING,2025-10-26
L000738,N,Y,Y,N,Y,COMPLETE,2026-05-22
L000739,Y,Y,Y,N,Y,MISSING,2025-10-15
L000741,N,N,N,N,N,COMPLETE,2026-05-17
L000742,N,N,Y,N,Y,COMPLETE,2025-10-08
L000743,Y,N,Y,Y,Y,COMPLETE,2025-09-22
L000744,Y,N,N,N,N,COMPLETE,2026-06-18
L000745,N,Y,Y,N,Y,COMPLETE,2025-11-11
L000746,N,Y,N,N,N,INCOMPLETE,2026-05-13
L000747,Y,N,Y,Y,Y,COMPLETE,2025-11-27
L000748,Y,Y,Y,Y,Y,COMPLETE,2025-10-30
L000749,N,Y,Y,N,Y,COMPLETE,2026-02-14
L000750,N,Y,Y,Y,Y,COMPLETE,2025-10-04
L000751,Y,N,N,N,Y,COMPLETE,2025-09-25
L000752,N,Y,Y,N,Y,COMPLETE,2026-02-09
L000753,Y,Y,Y,Y,Y,COMPLETE,2025-11-27
L000754,Y,N,Y,N,Y,COMPLETE,2026-08-23
L000755,N,Y,Y,N,N,COMPLETE,2026-05-12
L000756,N,Y,Y,N,N,COMPLETE,2025-09-26
L000757,Y,N,Y,N,Y,INCOMPLETE,2025-12-18
L000758,Y,Y,Y,Y,Y,INCOMPLETE,2025-08-26
L000759,N,N,N,Y,N,INCOMPLETE,2026-05-02
L000760,Y,Y,Y,N,Y,COMPLETE,2026-03-25
L000761,Y,Y,N,N,Y,COMPLETE,2026-02-13
L000762,Y,Y,Y,N,Y,COMPLETE,2026-08-08
L000763,Y,N,Y,N,Y,COMPLETE,2025-09-04
L000764,Y,Y,Y,Y,Y,COMPLETE,2025-09-04
L000765,N,N,N,Y,Y,COMPLETE,2025-09-07
L000766,Y,Y,Y,Y,Y,COMPLETE,2026-01-07
L000767,Y,N,Y,N,Y,INCOMPLETE,2025-12-15
L000768,Y,Y,Y,N,Y,COMPLETE,2026-05-31
L000769,Y,N,Y,Y,Y,COMPLETE,2026-03-01
L000770,Y,N,Y,N,Y,COMPLETE,2025-11-07
L000771,Y,Y,Y,Y,Y,MISSING,2026-08-15
L000772,Y,N,Y,N,Y,COMPLETE,2025-10-02
L000773,Y,Y,Y,N,N,COMPLETE,2026-05-06
L000774,N,Y,Y,Y,N,COMPLETE,2025-11-11
L000775,Y,N,Y,Y,Y,COMPLETE,2026-02-07
L000776,Y,Y,N,Y,Y,COMPLETE,2025-12-16
L000777,Y,Y,Y,N,Y,COMPLETE,2025-11-05
L000778,Y,N,Y,N,N,INCOMPLETE,2026-02-26
L000779,Y,Y,Y,N,Y,COMPLETE,2026-01-31
L000780,Y,N,Y,N,Y,COMPLETE,2025-11-02
L000781,Y,N,Y,N,Y,COMPLETE,2026-02-20
L000782,Y,N,Y,Y,Y,COMPLETE,2026-08-09
L000783,N,N,Y,Y,N,INCOMPLETE,2026-06-09
L000784,Y,Y,N,N,Y,COMPLETE,2026-05-13
L000785,Y,N,N,N,Y,COMPLETE,2026-07-30
L000786,Y,N,Y,N,N,MISSING,2026-02-20
L000787,N,N,Y,Y,N,COMPLETE,2026-03-14
L000788,Y,Y,Y,N,Y,COMPLETE,2026-06-13
L000789,N,N,Y,Y,Y,COMPLETE,2026-01-16
L000790,Y,Y,Y,N,Y,COMPLETE,2026-08-15
L000791,Y,N,Y,N,N,COMPLETE,2026-03-29
L000792,N,N,Y,Y,Y,COMPLETE,2025-09-28
L000793,Y,Y,Y,Y,Y,COMPLETE,2026-02-27
L000794,Y,Y,N,N,Y,INCOMPLETE,2026-06-28
L000795,N,N,Y,N,Y,COMPLETE,2025-11-01
L000796,Y,N,N,N,N,COMPLETE,2026-08-14
L000797,Y,N,Y,N,N,COMPLETE,2026-06-11
L000798,Y,Y,N,N,Y,COMPLETE,2025-10-03
L000799,N,Y,Y,Y,Y,COMPLETE,2025-11-13
L000800,N,Y,Y,Y,Y,INCOMPLETE,2026-03-04
L000801,Y,N,N,N,Y,COMPLETE,2026-03-28
L000802,Y,N,Y,N,N,MISSING,2026-03-26
L000803,Y,Y,Y,N,Y,COMPLETE,2026-02-24
L000804,Y,Y,Y,Y,N,COMPLETE,2026-08-15
L000805,N,N,Y,N,Y,MISSING,2026-01-19
L000806,Y,Y,N,N,Y,COMPLETE,2026-05-12
L000807,N,Y,Y,N,Y,COMPLETE,2026-06-04
L000808,Y,N,Y,N,N,COMPLETE,2025-08-26
L000809,N,N,N,Y,Y,INCOMPLETE,2026-01-22
L000810,Y,N,Y,Y,Y,COMPLETE,2026-01-17
L000811,Y,Y,Y,N,Y,COMPLETE,2026-05-13
L000812,Y,Y,Y,N,Y,COMPLETE,2026-05-21
L000813,Y,Y,Y,N,Y,COMPLETE,2026-04-10
L000814,Y,Y,N,Y,Y,COMPLETE,2026-02-26
L000815,Y,Y,Y,N,Y,COMPLETE,2026-05-08
L000816,N,Y,Y,N,Y,INCOMPLETE,2026-01-20
L000817,Y,N,Y,Y,Y,INCOMPLETE,2026-02-10
L000818,Y,N,Y,N,Y,INCOMPLETE,2025-12-22
L000819,N,N,N,N,Y,COMPLETE,2026-03-08
L000820,Y,N,Y,Y,N,COMPLETE,2025-09-26
L000821,Y,Y,Y,N,Y,INCOMPLETE,2025-10-31
L000822,Y,N,Y,Y,Y,COMPLETE,2025-10-07
L000823,Y,Y,Y,Y,N,COMPLETE,2026-06-07
L000824,Y,N,Y,Y,Y,COMPLETE,2025-09-14
L000825,N,N,Y,N,Y,INCOMPLETE,2025-11-09
L000826,Y,N,Y,N,Y,INCOMPLETE,2026-08-03
L000827,Y,Y,Y,N,Y,COMPLETE,2026-08-17
L000828,Y,Y,Y,N,N,COMPLETE,2026-07-02
L000829,N,N,N,N,N,COMPLETE,2025-09-06
L000830,Y,Y,Y,N,Y,INCOMPLETE,2026-07-04
L000831,N,Y,Y,N,Y,MISSING,2026-03-21
L000832,Y,N,Y,N,N,MISSING,2026-06-26
L000833,Y,Y,N,N,Y,COMPLETE,2025-09-29
L000834,Y,Y,Y,N,N,COMPLETE,2026-02-15
L000835,N,N,N,N,Y,COMPLETE,2025-12-31
L000836,Y,N,Y,N,Y,COMPLETE,2025-12-24
L000837,Y,Y,Y,Y,Y,INCOMPLETE,2026-05-19
L000838,Y,Y,Y,N,Y,INCOMPLETE,2025-09-09
L000839,Y,N,Y,N,Y,COMPLETE,2026-08-14
L000840,N,N,Y,Y,N,INCOMPLETE,2026-01-09
L000841,N,Y,N,Y,Y,INCOMPLETE,2025-10-07
L000842,Y,Y,N,Y,Y,COMPLETE,2026-05-21
L000843,Y,N,Y,N,Y,COMPLETE,2026-05-06
L000844,N,Y,Y,Y,Y,MISSING,2025-11-28
L000845,Y,Y,Y,Y,Y,COMPLETE,2025-09-13
L000846,N,Y,N,N,N,COMPLETE,2026-06-22
L000847,Y,Y,Y,N,Y,MISSING,2026-05-29
L000848,Y,N,Y,N,Y,COMPLETE,2026-04-29
L000849,Y,N,Y,N,Y,MISSING,2026-01-23
L000850,Y,N,Y,Y,N,COMPLETE,2026-02-03
L000851,Y,Y,N,N,Y,COMPLETE,2026-08-15
L000852,Y,N,Y,N,Y,COMPLETE,2026-03-25
L000853,Y,N,Y,N,Y,MISSING,2026-08-19
L000854,Y,N,Y,N,N,COMPLETE,2025-09-15
L000855,Y,N,Y,N,N,COMPLETE,2025-11-28
L000856,Y,N,Y,N,Y,COMPLETE,2026-02-12
L000857,Y,N,Y,N,Y,COMPLETE,2025-11-09
L000858,Y,Y,Y,Y,Y,MISSING,2026-06-08
L000859,Y,Y,Y,N,Y,COMPLETE,2026-08-23
L000860,Y,N,Y,N,Y,COMPLETE,2025-12-17
L000861,N,N,Y,N,Y,COMPLETE,2025-09-05
L000862,N,Y,Y,Y,N,COMPLETE,2026-06-18
L000863,Y,N,Y,N,Y,COMPLETE,2026-05-10
L000864,Y,N,Y,Y,Y,COMPLETE,2026-02-02
L000865,N,Y,N,Y,N,COMPLETE,2025-12-10
L000866,Y,Y,N,N,Y,COMPLETE,2026-06-06
L000867,N,N,Y,N,Y,COMPLETE,2025-09-05
L000868,Y,Y,Y,N,N,COMPLETE,2025-10-28
L000869,Y,N,N,N,Y,COMPLETE,2025-12-06
L000870,Y,N,Y,N,N,COMPLETE,2025-10-04
L000871,Y,Y,Y,Y,Y,COMPLETE,2025-12-03
L000872,Y,N,N,N,Y,COMPLETE,2026-03-15
L000873,Y,N,Y,Y,Y,COMPLETE,2026-05-31
L000874,Y,N,Y,N,Y,COMPLETE,2025-09-14
L000875,Y,Y,Y,N,Y,COMPLETE,2026-08-09
L000876,Y,N,N,N,Y,MISSING,2026-04-05
L000877,Y,Y,Y,N,Y,COMPLETE,2026-06-04
L000878,Y,Y,N,Y,Y,COMPLETE,2026-03-20
L000879,Y,N,Y,Y,Y,COMPLETE,2025-11-13
L000880,N,Y,N,Y,Y,INCOMPLETE,2026-01-01
L000881,N,Y,N,Y,N,INCOMPLETE,2025-09-07
L000882,Y,Y,Y,N,N,COMPLETE,2025-10-30
L000883,Y,N,Y,N,Y,COMPLETE,2026-01-25
L000884,Y,Y,N,N,N,COMPLETE,2026-04-20
L000885,N,N,N,Y,N,COMPLETE,2026-05-03
L000886,Y,N,N,N,N,COMPLETE,2025-11-29
L000887,Y,Y,Y,N,N,COMPLETE,2026-07-18
L000888,Y,N,Y,N,N,INCOMPLETE,2026-05-31
L000889,Y,N,Y,N,Y,COMPLETE,2026-03-11
L000890,Y,Y,Y,N,Y,COMPLETE,2026-06-06
L000891,Y,N,Y,N,Y,INCOMPLETE,2025-10-28
L000892,Y,N,Y,N,Y,MISSING,2026-01-12
L000893,N,Y,Y,N,Y,COMPLETE,2025-12-07
L000894,Y,N,Y,N,Y,COMPLETE,2026-06-05
L000895,N,Y,N,N,Y,INCOMPLETE,2026-08-17
L000896,N,Y,N,Y,Y,INCOMPLETE,2025-12-10
L000897,Y,Y,Y,Y,Y,COMPLETE,2026-08-08
L000898,Y,N,Y,N,Y,COMPLETE,2026-08-03
L000899,Y,N,Y,N,Y,COMPLETE,2025-12-24
L000900,Y,N,Y,N,Y,COMPLETE,2026-08-19
L000901,N,Y,Y,N,Y,INCOMPLETE,2026-03-05
L000902,Y,N,Y,N,N,COMPLETE,2026-04-01
L000903,Y,Y,N,Y,Y,COMPLETE,2026-02-11
L000904,Y,N,Y,N,Y,COMPLETE,2026-07-15
L000905,N,N,N,Y,N,COMPLETE,2026-03-28
L000906,Y,N,N,N,N,COMPLETE,2026-07-12
L000907,Y,Y,Y,N,Y,INCOMPLETE,2026-01-05
L000908,Y,N,Y,N,Y,COMPLETE,2026-08-16
L000909,N,Y,Y,Y,Y,COMPLETE,2026-05-17
L000910,Y,Y,Y,N,N,COMPLETE,2026-01-14
L000911,N,N,Y,N,N,INCOMPLETE,2025-09-08
L000912,Y,N,Y,N,N,COMPLETE,2026-06-30
L000913,Y,Y,Y,N,Y,MISSING,2025-11-28
L000914,N,N,Y,Y,Y,INCOMPLETE,2026-02-06
L000915,Y,Y,N,N,Y,INCOMPLETE,2026-06-05
L000916,Y,Y,Y,N,Y,MISSING,2026-07-20
L000917,Y,Y,Y,N,N,COMPLETE,2026-01-11
L000918,Y,Y,N,Y,Y,COMPLETE,2025-11-12
L000919,N,Y,Y,Y,Y,COMPLETE,2026-01-22
L000920,Y,N,Y,N,N,COMPLETE,2025-09-10
L000921,Y,Y,Y,N,Y,COMPLETE,2025-12-19
L000922,N,N,N,N,N,COMPLETE,2025-11-01
L000923,Y,Y,Y,N,N,COMPLETE,2026-05-05
L000924,N,Y,N,N,Y,COMPLETE,2026-01-05
L000925,Y,Y,Y,N,Y,COMPLETE,2025-09-15
L000926,Y,Y,Y,N,Y,COMPLETE,2025-11-27
L000927,Y,N,N,N,N,COMPLETE,2026-06-24
L000928,Y,N,N,N,Y,INCOMPLETE,2025-12-01
L000929,N,N,Y,N,Y,COMPLETE,2026-04-28
L000930,Y,N,Y,N,N,COMPLETE,2025-10-29
L000931,Y,N,Y,N,Y,INCOMPLETE,2026-04-13
L000932,N,N,Y,N,Y,COMPLETE,2026-02-20
L000933,Y,N,Y,N,Y,COMPLETE,2026-01-26
L000934,Y,Y,Y,N,Y,INCOMPLETE,2026-06-02
L000935,N,N,Y,N,Y,MISSING,2025-10-14
L000936,Y,Y,Y,N,Y,COMPLETE,2025-11-18
L000937,Y,Y,Y,N,Y,COMPLETE,2025-10-22
L000938,Y,Y,Y,N,Y,COMPLETE,2026-08-24
L000939,N,N,Y,Y,Y,COMPLETE,2025-09-14
L000940,Y,Y,Y,N,Y,INCOMPLETE,2025-12-23
L000941,Y,N,Y,Y,Y,INCOMPLETE,2026-07-21
L000942,N,Y,N,N,N,COMPLETE,2025-11-27
L000943,N,Y,N,Y,Y,INCOMPLETE,2026-02-05
L000944,Y,Y,Y,Y,Y,COMPLETE,2026-01-27
L000945,Y,N,N,N,Y,COMPLETE,2026-01-30
L000946,N,N,Y,N,Y,COMPLETE,2026-03-17
L000947,Y,N,Y,N,Y,INCOMPLETE,2025-11-09
L000948,Y,N,Y,Y,Y,COMPLETE,2026-02-11
L000949,Y,Y,Y,Y,N,COMPLETE,2025-11-26
L000950,Y,N,Y,N,Y,MISSING,2025-09-13
L000951,Y,Y,Y,Y,Y,COMPLETE,2026-03-30
L000952,Y,N,N,N,Y,COMPLETE,2026-08-05
L000953,Y,Y,Y,Y,Y,INCOMPLETE,2026-03-16
L000954,Y,N,Y,N,Y,MISSING,2025-10-02
L000955,N,N,Y,N,Y,COMPLETE,2025-12-03
L000956,N,Y,Y,N,Y,INCOMPLETE,2025-11-05
L000957,Y,Y,Y,Y,Y,COMPLETE,2025-10-13
L000958,Y,Y,Y,Y,N,COMPLETE,2026-03-13
L000959,N,N,N,Y,Y,INCOMPLETE,2025-09-16
L000960,Y,N,Y,N,Y,COMPLETE,2026-08-17
L000961,Y,Y,Y,Y,N,COMPLETE,2025-12-18
L000962,Y,Y,N,N,Y,COMPLETE,2025-10-04
L000963,N,N,Y,N,Y,COMPLETE,2026-06-20
L000964,Y,Y,Y,N,Y,COMPLETE,2026-05-28
L000965,N,N,Y,N,Y,COMPLETE,2025-10-20
L000966,Y,Y,Y,N,Y,INCOMPLETE,2026-05-08
L000967,Y,N,Y,N,N,COMPLETE,2026-01-16
L000968,Y,N,Y,N,N,MISSING,2026-07-12
L000969,Y,N,N,N,Y,COMPLETE,2026-04-15
L000970,Y,N,Y,N,Y,COMPLETE,2026-03-15
L000971,Y,N,Y,N,Y,COMPLETE,2026-02-28
L000972,Y,N,N,N,Y,COMPLETE,2026-07-25
L000973,N,Y,N,Y,Y,COMPLETE,2026-02-27
L000974,N,Y,N,Y,Y,COMPLETE,2026-08-24
L000975,Y,Y,Y,N,Y,COMPLETE,2026-04-30
L000976,Y,N,Y,N,Y,COMPLETE,2026-04-16
L000977,Y,Y,Y,N,Y,COMPLETE,2026-02-24
L000978,Y,N,N,Y,Y,INCOMPLETE,2026-03-02
L000979,Y,Y,Y,Y,Y,COMPLETE,2025-10-05
L000980,Y,Y,Y,N,Y,COMPLETE,2026-03-08
L000981,Y,N,Y,N,Y,INCOMPLETE,2025-12-09
L000982,Y,N,Y,N,Y,COMPLETE,2026-01-10
L000983,Y,Y,Y,N,N,INCOMPLETE,2026-05-10
L000984,Y,Y,Y,Y,N,COMPLETE,2026-02-25
L000985,N,N,Y,N,Y,COMPLETE,2025-11-08
L000986,Y,N,Y,N,N,COMPLETE,2026-01-08
L000987,Y,Y,Y,N,N,COMPLETE,2026-02-20
L000988,Y,N,Y,N,Y,COMPLETE,2026-01-22
L000989,Y,N,N,N,Y,COMPLETE,2026-05-09
L000990,Y,N,Y,N,N,COMPLETE,2026-02-23
L000991,N,N,Y,N,N,INCOMPLETE,2025-09-18
L000992,Y,Y,N,N,N,MISSING,2026-08-01
L000993,Y,N,Y,N,Y,COMPLETE,2026-08-14
L000994,N,N,Y,N,Y,COMPLETE,2026-05-31
L000995,Y,Y,Y,N,Y,INCOMPLETE,2026-04-09
L000996,Y,N,Y,N,Y,COMPLETE,2026-07-14
L000997,Y,Y,Y,Y,Y,INCOMPLETE,2026-02-02
L000998,N,Y,Y,N,Y,COMPLETE,2025-10-06
L000999,Y,Y,N,Y,N,INCOMPLETE,2026-02-05
L001000,N,N,Y,N,Y,MISSING,2025-12-17
L001001,Y,N,Y,N,Y,COMPLETE,2026-06-16
L001002,Y,Y,Y,N,Y,COMPLETE,2026-08-22
L001003,Y,N,Y,N,N,COMPLETE,2026-07-09
L001004,Y,Y,Y,Y,Y,COMPLETE,2026-02-09
L001005,N,N,Y,Y,N,COMPLETE,2026-03-26
L001006,Y,Y,Y,N,Y,COMPLETE,2026-06-19
L001007,Y,N,Y,N,Y,COMPLETE,2026-02-11
L001008,Y,N,Y,N,Y,MISSING,2026-04-25
L001009,N,N,Y,Y,Y,COMPLETE,2026-06-25
L001010,Y,Y,N,Y,N,COMPLETE,2025-09-20
L001011,Y,N,Y,N,Y,COMPLETE,2026-01-03
L001012,Y,N,N,N,Y,COMPLETE,2025-09-11
L001013,N,N,Y,N,Y,COMPLETE,2026-08-14
L001014,Y,Y,N,N,Y,INCOMPLETE,2026-03-14
L001015,Y,N,Y,Y,N,INCOMPLETE,2025-10-12
L001016,Y,N,Y,N,N,INCOMPLETE,2026-03-16
L001017,Y,Y,Y,N,Y,COMPLETE,2026-05-07
L001018,Y,N,Y,Y,Y,COMPLETE,2025-11-19
L001019,Y,Y,N,Y,Y,COMPLETE,2026-02-04
L001020,N,N,Y,N,Y,COMPLETE,2025-08-27
L001021,N,N,Y,N,Y,COMPLETE,2026-03-03
L001022,Y,Y,N,Y,N,COMPLETE,2026-05-18
L001023,Y,Y,Y,N,Y,MISSING,2026-05-01
L001024,Y,Y,Y,N,Y,COMPLETE,2025-10-02
L001025,Y,N,Y,Y,Y,INCOMPLETE,2025-12-10
L001026,Y,N,Y,N,Y,COMPLETE,2026-03-14
L001027,N,N,Y,Y,Y,COMPLETE,2026-07-01
L001028,N,Y,Y,N,N,INCOMPLETE,2025-09-21
L001029,N,N,N,Y,Y,COMPLETE,2026-03-07
L001030,Y,N,N,Y,N,COMPLETE,2026-07-18
L001031,Y,N,Y,N,N,COMPLETE,2025-09-28
L001032,N,N,N,N,Y,COMPLETE,2025-12-25
L001033,Y,N,Y,N,N,COMPLETE,2026-05-18
L001034,N,N,Y,N,Y,COMPLETE,2026-01-09
L001035,N,N,N,Y,N,INCOMPLETE,2026-02-14
L001036,Y,N,N,Y,Y,COMPLETE,2025-09-16
L001037,Y,N,Y,Y,Y,COMPLETE,2026-08-16
L001038,Y,Y,N,N,Y,COMPLETE,2026-07-06
L001039,N,Y,Y,Y,Y,COMPLETE,2025-12-18
L001040,N,Y,Y,N,N,COMPLETE,2025-08-30
L001041,Y,N,Y,N,N,COMPLETE,2026-04-29
L001042,Y,N,Y,N,Y,MISSING,2025-09-09
L001043,Y,N,Y,N,N,INCOMPLETE,2026-07-11
L001044,Y,N,N,Y,N,INCOMPLETE,2026-05-18
L001045,Y,Y,Y,Y,N,COMPLETE,2026-04-12
L001046,Y,N,Y,N,Y,COMPLETE,2025-11-27
L001047,Y,N,N,N,N,MISSING,2026-04-19
L001048,Y,N,Y,N,N,COMPLETE,2025-08-29
L001049,N,N,N,Y,Y,INCOMPLETE,2025-12-16
L001050,Y,Y,Y,N,Y,COMPLETE,2026-03-23
L001051,Y,Y,Y,N,N,COMPLETE,2026-03-23
L001052,N,Y,Y,N,Y,COMPLETE,2025-09-14
L001053,Y,Y,Y,N,Y,COMPLETE,2026-06-06
L001054,N,Y,N,N,Y,COMPLETE,2026-05-21
L001055,Y,Y,Y,N,N,MISSING,2026-02-04
L001056,N,Y,Y,Y,Y,INCOMPLETE,2025-10-10
L001057,N,N,Y,N,Y,COMPLETE,2026-05-23
L001058,Y,N,N,N,Y,COMPLETE,2026-03-08
L001059,Y,N,Y,Y,Y,COMPLETE,2025-12-31
L001060,Y,Y,Y,N,N,COMPLETE,2025-11-14
L001061,Y,N,Y,N,Y,COMPLETE,2025-10-08
L001062,Y,Y,Y,N,Y,COMPLETE,2026-03-07
L001063,Y,N,N,N,Y,COMPLETE,2025-12-02
L001064,Y,Y,Y,N,N,COMPLETE,2026-05-25
L001065,N,N,Y,N,N,INCOMPLETE,2026-05-16
L001066,Y,N,Y,N,Y,MISSING,2026-02-20
L001067,Y,N,Y,N,Y,COMPLETE,2026-02-19
L001068,Y,N,Y,N,Y,COMPLETE,2026-02-25
L001069,Y,N,Y,N,Y,COMPLETE,2025-11-01
L001070,Y,Y,Y,N,N,INCOMPLETE,2026-05-03
L001071,Y,Y,Y,N,N,COMPLETE,2025-11-11
L001072,Y,Y,Y,N,Y,COMPLETE,2026-01-10
L001073,N,Y,Y,N,N,COMPLETE,2026-03-04
L001074,Y,Y,Y,N,Y,COMPLETE,2025-12-18
L001075,Y,Y,Y,N,Y,COMPLETE,2025-11-22
L001076,Y,Y,Y,N,Y,INCOMPLETE,2025-10-19
L001077,N,N,Y,Y,Y,COMPLETE,2026-04-21
L001078,N,N,Y,N,Y,INCOMPLETE,2025-10-01
L001079,Y,N,Y,N,Y,MISSING,2026-04-25
L001080,N,N,N,Y,Y,COMPLETE,2026-08-18
L001081,Y,N,Y,N,Y,INCOMPLETE,2025-11-15
L001082,Y,Y,Y,Y,Y,COMPLETE,2026-05-17
L001083,N,Y,N,N,N,COMPLETE,2026-06-03
L001084,Y,Y,Y,Y,Y,COMPLETE,2025-11-20
L001085,Y,N,Y,Y,Y,INCOMPLETE,2025-10-26
L001086,N,N,N,Y,Y,COMPLETE,2026-07-20
L001087,Y,Y,Y,N,Y,INCOMPLETE,2025-09-11
L001088,Y,N,Y,N,N,COMPLETE,2025-09-03
L001089,Y,Y,N,Y,Y,COMPLETE,2026-04-25
L001090,Y,Y,N,Y,N,COMPLETE,2025-10-02
L001091,N,N,Y,N,N,COMPLETE,2025-10-16
L001092,Y,Y,Y,N,Y,INCOMPLETE,2025-12-09
L001093,Y,N,Y,N,N,COMPLETE,2026-02-01
L001094,Y,Y,N,Y,N,COMPLETE,2026-02-26
L001095,Y,N,Y,Y,Y,COMPLETE,2026-06-09
L001096,N,Y,Y,N,N,COMPLETE,2026-07-26
L001097,Y,Y,N,N,N,COMPLETE,2025-09-21
L001098,Y,Y,Y,N,N,INCOMPLETE,2025-12-07
L001099,Y,N,Y,N,N,COMPLETE,2026-07-19
L001100,Y,N,Y,N,Y,COMPLETE,2025-12-03
L001102,Y,N,Y,N,Y,COMPLETE,2026-08-02
L001103,Y,N,Y,N,N,MISSING,2026-02-28
L001104,Y,N,Y,Y,Y,COMPLETE,2025-09-20
L001105,Y,N,N,Y,Y,COMPLETE,2025-12-13
L001106,Y,Y,Y,N,Y,COMPLETE,2025-09-22
L001107,Y,N,Y,N,Y,INCOMPLETE,2026-01-21
L001108,Y,N,N,N,N,COMPLETE,2026-07-02
L001109,Y,Y,Y,Y,Y,INCOMPLETE,2026-04-07
L001110,Y,N,Y,N,N,COMPLETE,2026-06-16
L001111,Y,Y,Y,N,N,COMPLETE,2026-06-14
L001112,Y,N,N,Y,N,MISSING,2025-12-25
L001113,N,Y,Y,N,Y,COMPLETE,2026-01-02
L001114,N,Y,Y,N,N,COMPLETE,2026-01-11
L001115,Y,Y,Y,N,Y,COMPLETE,2025-09-05
L001116,N,Y,Y,N,Y,COMPLETE,2025-09-13
L001117,Y,Y,Y,Y,Y,COMPLETE,2026-06-05
L001118,Y,Y,Y,N,Y,INCOMPLETE,2026-01-03
L001119,Y,Y,N,N,N,INCOMPLETE,2025-12-11
L001120,N,N,Y,N,Y,COMPLETE,2026-02-28
L001121,Y,N,N,N,Y,MISSING,2025-11-21
L001122,Y,Y,N,N,Y,MISSING,2025-12-11
L001123,N,Y,N,N,N,COMPLETE,2026-05-02
L001124,Y,Y,Y,Y,Y,COMPLETE,2026-01-29
L001125,Y,N,Y,Y,Y,COMPLETE,2025-12-07
L001126,Y,Y,Y,N,N,MISSING,2026-03-31
L001127,Y,N,Y,N,Y,COMPLETE,2026-03-18
L001128,Y,Y,Y,N,N,COMPLETE,2026-05-16
L001129,N,Y,N,N,Y,COMPLETE,2026-07-22
L001130,Y,N,Y,Y,N,COMPLETE,2026-02-19
L001131,Y,N,Y,Y,Y,COMPLETE,2026-07-03
L001132,Y,Y,Y,N,Y,COMPLETE,2025-10-14
L001133,N,N,Y,Y,N,COMPLETE,2026-06-30
L001134,N,N,N,N,Y,COMPLETE,2026-04-11
L001135,Y,N,Y,N,Y,MISSING,2026-05-02
L001136,N,N,N,N,N,COMPLETE,2025-10-03
L001137,Y,N,N,N,N,COMPLETE,2026-05-08
L001138,N,Y,N,N,N,COMPLETE,2025-11-28
L001139,N,N,N,N,N,COMPLETE,2025-09-13
L001140,Y,N,Y,Y,N,COMPLETE,2026-03-15
L001141,Y,Y,N,N,N,COMPLETE,2026-08-10
L001142,Y,Y,Y,Y,Y,COMPLETE,2026-03-14
L001143,N,N,Y,Y,N,MISSING,2025-11-25
L001144,Y,N,Y,N,Y,COMPLETE,2026-03-13
L001145,Y,Y,Y,N,N,COMPLETE,2026-08-07
L001146,N,Y,N,Y,Y,INCOMPLETE,2025-09-03
L001147,Y,N,Y,Y,Y,COMPLETE,2026-04-13
L001148,Y,Y,Y,Y,Y,COMPLETE,2026-07-27
L001149,Y,N,Y,N,Y,COMPLETE,2026-07-03
L001150,N,Y,N,N,Y,COMPLETE,2026-04-02
L001151,Y,N,Y,Y,Y,COMPLETE,2026-06-07
L001152,Y,Y,N,N,N,MISSING,2026-08-07
L001153,Y,Y,Y,N,Y,INCOMPLETE,2025-12-19
L001154,N,Y,Y,N,Y,COMPLETE,2025-09-10
L001155,N,Y,Y,N,N,COMPLETE,2026-05-10
L001156,Y,N,N,N,Y,COMPLETE,2025-10-02
L001157,Y,N,Y,Y,Y,COMPLETE,2026-02-21
L001158,Y,N,Y,N,Y,COMPLETE,2025-09-26
L001159,Y,N,Y,Y,Y,COMPLETE,2025-09-21
L001160,Y,N,Y,N,Y,COMPLETE,2026-06-13
L001161,Y,N,Y,N,Y,COMPLETE,2026-05-30
L001163,Y,Y,Y,N,Y,INCOMPLETE,2026-04-25
L001164,Y,N,Y,Y,Y,COMPLETE,2026-08-22
L001165,Y,N,Y,N,Y,INCOMPLETE,2026-06-01
L001166,Y,N,Y,N,Y,COMPLETE,2026-02-14
L001167,N,Y,Y,N,Y,MISSING,2026-01-31
L001168,Y,N,Y,N,Y,COMPLETE,2026-05-09
L001169,N,N,N,N,N,COMPLETE,2026-03-01
L001170,Y,N,Y,Y,N,COMPLETE,2025-10-09
L001171,Y,N,N,Y,N,COMPLETE,2026-08-19
L001172,Y,N,N,N,Y,COMPLETE,2026-03-16
L001173,Y,N,N,N,Y,COMPLETE,2026-03-12
L001174,Y,N,Y,N,Y,INCOMPLETE,2025-12-13
L001175,Y,Y,Y,Y,Y,COMPLETE,2026-04-17
L001176,Y,Y,Y,N,Y,COMPLETE,2025-11-04
L001177,Y,Y,N,N,Y,INCOMPLETE,2026-07-04
L001178,Y,N,Y,N,N,COMPLETE,2025-09-15
L001179,Y,N,Y,Y,Y,COMPLETE,2026-06-30
L001180,Y,Y,Y,Y,N,COMPLETE,2026-06-24
L001181,Y,Y,Y,N,Y,MISSING,2026-03-25
L001182,Y,Y,Y,N,N,COMPLETE,2026-03-30
L001183,Y,Y,Y,Y,N,COMPLETE,2025-08-30
L001184,Y,Y,Y,Y,Y,COMPLETE,2025-11-28
L001185,Y,Y,Y,N,Y,COMPLETE,2025-09-30
L001186,N,Y,Y,N,Y,INCOMPLETE,2025-10-19
L001187,Y,N,Y,N,Y,MISSING,2026-05-22
L001188,Y,N,N,N,Y,INCOMPLETE,2026-03-31
L001189,Y,N,N,N,Y,COMPLETE,2026-07-20
L001190,Y,Y,Y,Y,N,COMPLETE,2025-10-23
L001191,Y,N,Y,Y,Y,COMPLETE,2025-12-19
L001192,Y,Y,Y,N,Y,INCOMPLETE,2026-06-02
L001193,N,Y,N,N,Y,COMPLETE,2025-10-28
L001194,Y,N,Y,N,N,COMPLETE,2025-12-27
L001195,N,N,Y,N,N,COMPLETE,2025-09-05
L001196,Y,Y,Y,Y,Y,COMPLETE,2025-10-24
L001197,Y,Y,Y,Y,N,INCOMPLETE,2026-05-16
L001198,Y,Y,Y,Y,N,COMPLETE,2026-03-05
L001199,Y,N,Y,N,N,COMPLETE,2025-10-31
L001200,Y,Y,Y,N,Y,COMPLETE,2026-03-18
L001201,Y,Y,Y,N,Y,COMPLETE,2026-02-16
L001202,N,N,Y,N,N,INCOMPLETE,2025-11-07
L001203,Y,Y,Y,Y,Y,COMPLETE,2026-06-05
L001204,Y,Y,N,N,Y,COMPLETE,2026-05-16
L001205,Y,Y,Y,N,N,COMPLETE,2025-09-29
L001206,Y,Y,Y,N,Y,INCOMPLETE,2025-11-01
L001207,Y,N,N,N,N,COMPLETE,2025-12-07
L001208,Y,N,N,Y,Y,COMPLETE,2025-09-01
L001209,Y,Y,Y,N,Y,COMPLETE,2026-07-20
L001210,N,N,Y,N,N,COMPLETE,2025-12-29
L001211,Y,Y,Y,N,N,COMPLETE,2026-02-18
L001212,N,N,Y,N,N,INCOMPLETE,2025-11-05
L001213,Y,Y,N,N,Y,COMPLETE,2026-03-07
L001214,Y,N,Y,N,Y,INCOMPLETE,2025-09-17
L001215,Y,N,Y,N,Y,COMPLETE,2026-03-22
L001216,Y,Y,N,N,Y,COMPLETE,2025-09-28
L001217,Y,N,Y,N,Y,COMPLETE,2026-03-23
L001218,N,Y,Y,Y,Y,INCOMPLETE,2026-05-29
L001219,Y,N,Y,N,Y,COMPLETE,2026-03-14
L001220,Y,Y,Y,N,N,COMPLETE,2026-05-04
L001221,Y,Y,Y,N,Y,COMPLETE,2025-08-25
L001222,Y,Y,Y,Y,N,COMPLETE,2025-09-12
L001223,N,Y,Y,N,N,COMPLETE,2026-07-16
L001224,Y,Y,Y,Y,N,INCOMPLETE,2026-01-31
L001225,Y,N,Y,N,N,COMPLETE,2026-01-14
L001226,N,N,Y,N,Y,COMPLETE,2025-10-07
L001227,Y,Y,N,N,N,COMPLETE,2025-11-29
L001228,Y,Y,Y,N,Y,COMPLETE,2026-03-27
L001229,Y,Y,Y,N,N,COMPLETE,2026-06-20
L001230,Y,Y,N,N,N,COMPLETE,2026-08-14
L001231,Y,N,Y,N,Y,INCOMPLETE,2025-09-22
L001232,Y,N,Y,N,Y,COMPLETE,2026-03-27
L001233,Y,Y,Y,N,N,COMPLETE,2026-01-24
L001234,Y,Y,Y,Y,Y,COMPLETE,2026-01-02
L001235,Y,N,Y,Y,Y,INCOMPLETE,2026-02-16
L001236,Y,Y,Y,N,N,COMPLETE,2026-01-03
L001237,Y,Y,N,N,Y,INCOMPLETE,2026-01-09
L001238,Y,Y,Y,Y,Y,COMPLETE,2026-03-01
L001239,Y,N,N,Y,N,COMPLETE,2026-04-10
L001240,Y,N,N,Y,N,COMPLETE,2026-03-02
L001241,Y,N,Y,Y,Y,COMPLETE,2026-07-15
L001242,N,Y,N,Y,Y,COMPLETE,2026-02-16
L001243,Y,N,Y,Y,Y,COMPLETE,2026-01-21
L001244,Y,Y,Y,N,Y,COMPLETE,2026-03-15
L001245,Y,Y,Y,N,Y,COMPLETE,2025-12-12
L001246,Y,Y,Y,Y,Y,COMPLETE,2026-08-08
L001247,Y,N,Y,N,Y,COMPLETE,2026-01-13
L001248,Y,N,Y,N,Y,INCOMPLETE,2026-01-28
L001249,Y,Y,Y,N,N,COMPLETE,2025-11-03
L001250,Y,Y,Y,N,Y,INCOMPLETE,2026-08-11
L001251,Y,Y,N,N,Y,MISSING,2025-10-28
L001252,Y,Y,N,N,N,COMPLETE,2025-08-26
L001253,Y,Y,Y,N,N,COMPLETE,2025-08-27
L001254,Y,Y,Y,N,Y,COMPLETE,2026-05-28
L001255,N,Y,N,N,N,INCOMPLETE,2026-01-13
L001256,Y,Y,Y,Y,Y,COMPLETE,2026-05-29
L001257,Y,N,Y,N,Y,COMPLETE,2026-01-18
L001258,N,N,N,N,N,COMPLETE,2026-02-08
L001259,N,N,Y,Y,Y,COMPLETE,2025-09-05
L001260,Y,N,Y,N,N,INCOMPLETE,2025-10-04
L001261,Y,Y,Y,Y,N,INCOMPLETE,2026-02-24
L001262,N,Y,Y,N,Y,COMPLETE,2026-01-15
L001263,N,Y,N,N,Y,COMPLETE,2026-01-08
L001264,Y,N,Y,N,Y,COMPLETE,2026-01-31
L001265,Y,N,N,Y,Y,INCOMPLETE,2026-08-14
L001266,Y,Y,Y,N,Y,COMPLETE,2026-05-24
L001267,N,N,N,Y,Y,COMPLETE,2025-11-27
L001268,N,Y,Y,Y,N,COMPLETE,2026-02-28
L001269,Y,N,N,N,Y,COMPLETE,2025-12-15
L001270,N,Y,Y,N,Y,COMPLETE,2026-08-11
L001271,Y,N,Y,N,N,COMPLETE,2026-05-05
L001272,Y,N,Y,N,Y,COMPLETE,2025-10-26
L001273,Y,N,Y,N,Y,COMPLETE,2026-07-16
L001274,Y,Y,Y,N,Y,COMPLETE,2026-02-05
L001275,Y,N,Y,N,Y,COMPLETE,2025-10-29
L001276,Y,N,N,Y,N,COMPLETE,2025-10-06
L001277,Y,N,Y,N,Y,COMPLETE,2025-10-16
L001278,Y,Y,Y,Y,Y,COMPLETE,2025-11-09
L001279,Y,Y,N,N,Y,COMPLETE,2026-08-13
L001280,Y,N,Y,N,Y,COMPLETE,2026-05-15
L001281,Y,N,N,N,N,MISSING,2026-06-18
L001282,Y,N,Y,N,N,COMPLETE,2025-11-11
L001283,N,Y,Y,N,Y,COMPLETE,2025-12-14
L001284,Y,N,N,N,Y,COMPLETE,2026-02-17
L001285,Y,N,Y,N,Y,COMPLETE,2025-09-01
L001286,N,N,Y,N,Y,COMPLETE,2025-12-02
L001287,Y,Y,Y,N,N,COMPLETE,2026-08-11
L001288,Y,N,Y,Y,Y,COMPLETE,2025-10-04
L001289,Y,Y,Y,Y,Y,MISSING,2026-01-29
L001290,Y,Y,N,N,Y,COMPLETE,2025-11-24
L001291,Y,Y,N,N,Y,COMPLETE,2025-12-12
L001292,N,N,Y,N,N,COMPLETE,2026-05-02
L001293,Y,N,Y,N,N,COMPLETE,2025-09-05
L001294,Y,N,N,Y,Y,COMPLETE,2026-03-03
L001295,Y,Y,Y,N,Y,COMPLETE,2026-05-24
L001296,Y,N,Y,N,Y,COMPLETE,2026-07-09
L001297,Y,N,N,N,N,COMPLETE,2026-05-05
L001298,Y,N,Y,N,Y,INCOMPLETE,2026-07-23
L001299,Y,Y,Y,N,Y,COMPLETE,2026-01-26
L001300,Y,N,Y,N,Y,COMPLETE,2026-05-02
L001301,N,Y,N,N,N,COMPLETE,2026-07-24
L001302,Y,N,Y,Y,N,COMPLETE,2026-03-21
L001303,N,N,Y,Y,N,COMPLETE,2025-09-24
L001304,Y,Y,Y,Y,Y,COMPLETE,2025-10-25
L001305,Y,N,Y,Y,Y,COMPLETE,2025-09-21
L001306,Y,N,Y,Y,Y,INCOMPLETE,2026-01-18
L001307,N,N,Y,N,N,COMPLETE,2026-07-10
L001308,Y,N,N,N,N,INCOMPLETE,2026-01-08
L001309,Y,N,Y,N,Y,INCOMPLETE,2026-02-21
L001310,Y,Y,Y,N,N,COMPLETE,2026-08-03
L001311,Y,N,Y,Y,N,COMPLETE,2025-11-03
L001312,N,Y,Y,N,Y,COMPLETE,2026-02-06
L001313,Y,Y,Y,N,N,COMPLETE,2026-08-02
L001314,Y,N,Y,Y,Y,COMPLETE,2025-08-26
L001315,Y,Y,Y,N,Y,COMPLETE,2026-08-16
L001316,N,Y,Y,N,N,COMPLETE,2025-12-13
L001317,N,Y,Y,N,Y,COMPLETE,2025-10-02
L001318,Y,Y,Y,N,Y,COMPLETE,2025-11-27
L001319,Y,N,Y,N,Y,COMPLETE,2026-05-14
L001320,N,Y,Y,N,Y,INCOMPLETE,2025-08-27
L001321,Y,Y,Y,Y,Y,INCOMPLETE,2026-03-20
L001322,Y,Y,Y,Y,N,COMPLETE,2025-09-14
L001323,Y,Y,N,N,Y,COMPLETE,2026-03-07
L001324,Y,Y,Y,N,Y,MISSING,2026-03-14
L001325,N,N,Y,N,Y,COMPLETE,2026-01-05
L001326,Y,Y,N,Y,Y,COMPLETE,2026-04-17
L001327,N,N,Y,N,Y,INCOMPLETE,2026-05-02
L001328,Y,N,N,N,N,COMPLETE,2026-04-06
L001329,Y,N,Y,N,Y,COMPLETE,2026-07-17
L001330,N,Y,N,N,Y,COMPLETE,2025-12-25
L001331,Y,Y,N,Y,Y,INCOMPLETE,2026-02-05
L001332,Y,Y,N,N,Y,INCOMPLETE,2025-10-24
L001333,N,N,Y,N,Y,COMPLETE,2025-10-27
L001334,Y,N,N,N,N,INCOMPLETE,2025-09-12
L001335,Y,N,Y,N,N,COMPLETE,2025-11-12
L001336,N,N,N,N,Y,COMPLETE,2026-06-17
L001337,Y,N,N,Y,Y,COMPLETE,2026-05-18
L001338,N,N,Y,Y,N,COMPLETE,2026-06-02
L001339,N,N,N,N,Y,COMPLETE,2025-09-17
L001340,N,N,Y,N,Y,COMPLETE,2026-04-18
L001341,Y,N,Y,Y,Y,COMPLETE,2025-12-06
L001342,Y,N,Y,N,Y,COMPLETE,2026-02-01
L001343,Y,Y,Y,N,Y,INCOMPLETE,2026-04-12
L001344,N,Y,Y,N,Y,COMPLETE,2026-02-02
L001345,Y,Y,Y,Y,N,COMPLETE,2025-12-28
L001346,N,Y,N,Y,Y,INCOMPLETE,2025-12-06
L001347,Y,Y,N,Y,Y,INCOMPLETE,2025-12-02
L001348,Y,N,Y,Y,Y,COMPLETE,2025-10-30
L001349,N,Y,Y,N,Y,INCOMPLETE,2026-05-26
L001350,Y,Y,Y,N,Y,INCOMPLETE,2025-11-23
L001351,Y,N,N,N,N,COMPLETE,2025-10-07
L001352,Y,N,N,Y,Y,MISSING,2026-05-27
L001353,N,Y,Y,N,Y,COMPLETE,2026-02-26
L001354,N,N,Y,N,N,COMPLETE,2026-01-28
L001355,Y,N,Y,Y,N,COMPLETE,2026-02-12
L001356,N,Y,Y,N,N,COMPLETE,2026-05-15
L001357,Y,N,Y,N,N,MISSING,2026-07-17
L001358,Y,N,N,N,N,COMPLETE,2026-05-30
L001359,Y,N,N,N,Y,COMPLETE,2026-07-17
L001360,Y,Y,Y,N,N,MISSING,2025-10-06
L001361,Y,Y,Y,N,Y,COMPLETE,2025-11-15
L001362,N,N,Y,N,Y,COMPLETE,2026-01-10
L001363,Y,N,Y,N,N,COMPLETE,2026-01-03
L001364,Y,Y,Y,N,Y,COMPLETE,2026-07-27
L001365,Y,Y,Y,Y,Y,INCOMPLETE,2026-04-24
L001366,Y,N,Y,Y,Y,COMPLETE,2026-07-06
L001367,Y,N,Y,N,Y,INCOMPLETE,2026-07-22
L001368,Y,N,Y,N,Y,INCOMPLETE,2026-08-24
L001369,N,Y,N,N,Y,COMPLETE,2025-09-17
L001370,Y,Y,Y,Y,Y,MISSING,2026-03-25
L001371,Y,Y,Y,Y,Y,INCOMPLETE,2026-06-03
L001372,Y,N,Y,Y,Y,COMPLETE,2025-09-03
L001373,Y,Y,Y,Y,Y,COMPLETE,2026-03-24
L001374,N,N,Y,N,Y,COMPLETE,2025-10-27
L001375,Y,N,N,Y,Y,COMPLETE,2025-12-22
L001376,Y,N,N,N,N,COMPLETE,2026-02-16
L001377,Y,Y,Y,Y,Y,INCOMPLETE,2026-05-06
L001378,Y,N,Y,N,Y,INCOMPLETE,2025-12-26
L001379,Y,N,N,Y,Y,COMPLETE,2026-03-24
L001380,Y,N,Y,Y,N,COMPLETE,2026-05-17
L001381,Y,N,N,Y,N,COMPLETE,2026-08-11
L001382,N,Y,Y,Y,N,COMPLETE,2025-10-13
L001383,Y,Y,Y,N,Y,COMPLETE,2026-04-12
L001384,Y,N,Y,N,N,COMPLETE,2025-11-20
L001385,Y,Y,Y,N,Y,COMPLETE,2026-06-25
L001386,Y,Y,Y,Y,N,COMPLETE,2025-10-25
L001387,Y,Y,Y,N,Y,INCOMPLETE,2025-09-12
L001388,Y,N,Y,N,Y,COMPLETE,2025-11-11
L001389,Y,N,Y,Y,Y,COMPLETE,2026-08-09
L001390,Y,N,Y,N,N,COMPLETE,2025-08-31
L001391,Y,Y,Y,Y,Y,COMPLETE,2026-02-22
L001392,N,N,Y,Y,Y,COMPLETE,2026-06-30
L001393,Y,N,Y,N,Y,COMPLETE,2025-09-23
L001394,Y,Y,N,N,N,MISSING,2025-10-23
L001395,N,Y,Y,Y,Y,COMPLETE,2025-12-17
L001396,N,N,Y,Y,Y,MISSING,2026-03-23
L001397,Y,N,Y,N,Y,INCOMPLETE,2026-07-17
L001398,N,Y,Y,Y,Y,INCOMPLETE,2025-09-20
L001399,Y,N,Y,N,Y,COMPLETE,2025-10-17
L001400,Y,N,Y,N,Y,INCOMPLETE,2025-12-15
L001401,Y,Y,Y,Y,N,COMPLETE,2026-06-26
L001402,Y,Y,Y,Y,N,MISSING,2026-08-10
L001403,Y,Y,Y,N,Y,COMPLETE,2026-03-20
L001404,Y,N,N,Y,Y,COMPLETE,2025-11-15
L001405,Y,N,Y,Y,N,COMPLETE,2026-05-09
L001406,Y,N,Y,N,N,INCOMPLETE,2025-09-14
L001407,Y,Y,Y,N,N,COMPLETE,2026-05-15
L001408,Y,Y,Y,N,N,INCOMPLETE,2026-07-18
L001409,N,N,N,N,N,COMPLETE,2025-09-11
L001410,Y,Y,Y,N,Y,COMPLETE,2026-02-12
L001411,Y,N,Y,N,Y,COMPLETE,2026-08-17
L001412,Y,Y,Y,N,N,COMPLETE,2025-12-04
L001413,Y,Y,Y,N,Y,COMPLETE,2025-12-26
L001414,Y,Y,Y,Y,Y,MISSING,2025-11-13
L001415,N,N,Y,Y,N,COMPLETE,2026-04-17
L001416,N,Y,Y,N,Y,COMPLETE,2026-02-27
L001417,Y,N,Y,N,Y,COMPLETE,2025-11-14
L001418,Y,Y,N,Y,Y,INCOMPLETE,2026-08-23
L001419,Y,N,Y,N,N,COMPLETE,2026-06-16
L001420,Y,N,Y,Y,N,COMPLETE,2025-09-11
L001421,Y,Y,Y,N,Y,COMPLETE,2026-02-08
L001422,Y,N,Y,N,Y,COMPLETE,2026-07-04
L001423,Y,N,Y,Y,Y,COMPLETE,2025-09-20
L001424,Y,Y,Y,Y,N,COMPLETE,2025-12-13
L001425,N,Y,Y,Y,Y,COMPLETE,2026-04-27
L001426,Y,N,Y,N,Y,COMPLETE,2026-06-16
L001427,N,Y,Y,Y,Y,INCOMPLETE,2026-01-25
L001428,Y,Y,Y,Y,Y,COMPLETE,2025-08-26
L001429,Y,Y,Y,Y,Y,COMPLETE,2026-02-10
L001430,Y,N,N,N,Y,MISSING,2026-05-21
L001431,Y,Y,N,N,Y,COMPLETE,2026-04-23
L001432,Y,N,N,Y,Y,INCOMPLETE,2026-08-13
L001433,N,N,Y,N,Y,COMPLETE,2025-11-05
L001434,Y,N,Y,Y,N,INCOMPLETE,2026-04-08
L001435,Y,Y,N,N,Y,COMPLETE,2026-03-08
L001436,N,N,Y,Y,Y,COMPLETE,2025-12-16
L001437,Y,N,Y,Y,Y,INCOMPLETE,2026-02-15
L001438,Y,N,N,N,N,COMPLETE,2026-07-12
L001439,Y,N,Y,Y,N,COMPLETE,2026-02-23
L001440,Y,Y,N,N,Y,COMPLETE,2026-06-14
L001441,Y,Y,N,Y,Y,COMPLETE,2026-06-13
L001442,Y,N,Y,N,N,COMPLETE,2026-06-03
L001443,Y,Y,Y,N,Y,MISSING,2026-02-09
L001444,Y,Y,Y,N,Y,COMPLETE,2026-03-18
L001445,Y,N,Y,Y,Y,COMPLETE,2026-02-11
L001446,Y,N,Y,Y,Y,COMPLETE,2026-06-15
L001447,Y,Y,Y,Y,Y,COMPLETE,2026-05-09
L001448,Y,N,N,N,Y,COMPLETE,2026-04-02
L001449,Y,N,N,N,N,INCOMPLETE,2026-08-10
L001450,Y,N,Y,N,Y,INCOMPLETE,2025-12-25
L001451,Y,Y,N,Y,N,COMPLETE,2025-12-29
L001452,N,N,N,N,Y,COMPLETE,2025-09-15
L001453,N,N,Y,Y,Y,COMPLETE,2026-01-07
L001454,N,N,N,N,Y,COMPLETE,2025-08-28
L001455,N,Y,Y,N,Y,COMPLETE,2026-08-04
L001456,N,Y,Y,N,Y,COMPLETE,2026-07-31
L001457,Y,Y,Y,Y,Y,COMPLETE,2025-12-20
L001458,Y,N,Y,Y,N,COMPLETE,2025-11-06
L001459,Y,Y,Y,Y,N,COMPLETE,2026-03-22
L001460,Y,Y,Y,N,Y,COMPLETE,2026-01-29
L001461,N,N,Y,N,N,COMPLETE,2025-12-18
L001462,Y,Y,Y,Y,Y,COMPLETE,2025-12-15
L001463,N,Y,Y,N,Y,MISSING,2025-12-14
L001464,Y,N,Y,N,Y,COMPLETE,2026-01-31
L001465,Y,Y,Y,N,Y,COMPLETE,2026-03-23
L001466,Y,N,N,N,N,INCOMPLETE,2026-01-08
L001467,Y,N,N,N,N,COMPLETE,2026-08-11
L001468,Y,N,N,N,Y,COMPLETE,2025-12-13
L001469,Y,N,Y,Y,Y,COMPLETE,2025-12-18
L001470,Y,N,Y,N,Y,MISSING,2026-01-10
L001471,Y,N,N,N,Y,COMPLETE,2025-11-22
L001472,N,N,Y,Y,N,COMPLETE,2026-01-28
L001473,Y,Y,N,N,Y,COMPLETE,2026-03-26
L001474,N,N,Y,N,Y,COMPLETE,2025-12-02
L001475,Y,N,Y,N,Y,COMPLETE,2026-04-22
L001476,Y,Y,Y,N,Y,COMPLETE,2026-04-01
L001477,Y,Y,Y,N,N,INCOMPLETE,2025-10-04
L001478,Y,N,N,N,Y,COMPLETE,2026-08-09
L001479,N,Y,N,N,N,COMPLETE,2026-03-19
L001480,Y,N,Y,Y,Y,COMPLETE,2026-05-16
L001481,Y,N,Y,Y,Y,COMPLETE,2026-02-26
L001482,Y,Y,Y,N,N,COMPLETE,2026-02-10
L001483,N,Y,Y,Y,Y,COMPLETE,2025-09-28
L001484,Y,N,Y,N,Y,COMPLETE,2025-11-25
L001485,Y,N,Y,Y,N,COMPLETE,2026-06-06
L001486,Y,Y,N,N,Y,COMPLETE,2026-06-16
L001487,Y,Y,Y,Y,Y,COMPLETE,2026-08-23
L001488,N,N,N,Y,Y,COMPLETE,2026-03-03
L001489,Y,Y,Y,N,Y,COMPLETE,2026-01-22
L001490,Y,N,N,Y,Y,COMPLETE,2026-08-07
L001491,Y,Y,Y,Y,N,COMPLETE,2026-02-06
L001492,Y,Y,Y,N,N,COMPLETE,2026-02-28
L001493,Y,N,N,N,Y,COMPLETE,2026-03-06
L001494,Y,N,Y,Y,Y,COMPLETE,2025-10-31
L001495,Y,Y,Y,N,Y,INCOMPLETE,2025-09-12
L001496,Y,Y,N,N,Y,COMPLETE,2026-03-25
L001497,Y,N,Y,Y,Y,COMPLETE,2026-02-20
L001498,Y,N,Y,Y,N,COMPLETE,2025-10-26
L001499,Y,N,Y,N,N,COMPLETE,2026-04-27
L001500,Y,N,Y,N,Y,COMPLETE,2025-12-14
L001501,Y,N,Y,Y,N,COMPLETE,2026-01-03
L001502,N,Y,Y,Y,N,COMPLETE,2025-10-12
L001503,Y,Y,N,N,Y,COMPLETE,2026-02-02
L001504,Y,Y,N,N,N,COMPLETE,2025-09-17
L001505,N,Y,Y,Y,Y,COMPLETE,2026-05-11
L001506,Y,N,Y,N,N,COMPLETE,2026-05-10
L001508,Y,N,Y,Y,Y,COMPLETE,2026-03-06
L001509,Y,N,Y,N,Y,COMPLETE,2026-04-23
L001510,Y,N,Y,N,N,COMPLETE,2025-11-16
L001511,Y,N,Y,N,Y,MISSING,2026-05-30
L001512,N,Y,N,N,N,COMPLETE,2025-10-05
L001513,Y,Y,N,N,Y,COMPLETE,2025-10-27
L001514,N,Y,Y,Y,Y,COMPLETE,2026-07-16
L001515,N,Y,Y,N,N,COMPLETE,2026-07-30
L001516,Y,N,Y,N,Y,COMPLETE,2026-08-02
L001517,Y,Y,N,N,Y,COMPLETE,2025-09-20
L001518,N,N,Y,N,Y,COMPLETE,2026-01-25
L001519,Y,Y,N,Y,Y,COMPLETE,2026-04-09
L001520,Y,N,Y,N,N,INCOMPLETE,2026-02-23
L001521,Y,Y,Y,N,Y,INCOMPLETE,2026-04-26
L001522,Y,Y,N,N,N,COMPLETE,2026-06-26
L001523,Y,N,Y,Y,Y,COMPLETE,2025-08-25
L001524,Y,N,Y,N,Y,COMPLETE,2026-03-28
L001525,Y,Y,Y,N,Y,MISSING,2026-04-20
L001526,Y,Y,N,N,Y,MISSING,2026-02-06
L001527,Y,N,N,N,N,COMPLETE,2026-06-04
L001528,Y,N,Y,N,Y,COMPLETE,2025-10-29
L001529,Y,Y,Y,Y,N,COMPLETE,2026-05-17
L001530,N,Y,N,N,Y,COMPLETE,2025-10-04
L001531,Y,N,N,N,Y,COMPLETE,2025-12-02
L001532,Y,Y,N,N,Y,COMPLETE,2026-04-24
L001533,Y,Y,Y,Y,Y,COMPLETE,2026-02-19
L001534,Y,Y,N,N,Y,COMPLETE,2026-08-22
L001535,Y,Y,Y,Y,Y,INCOMPLETE,2026-04-11
L001536,Y,Y,Y,N,Y,COMPLETE,2026-05-26
L001537,N,Y,Y,N,Y,COMPLETE,2025-08-29
L001538,Y,N,Y,Y,Y,INCOMPLETE,2026-06-21
L001539,Y,Y,N,N,N,INCOMPLETE,2025-12-06
L001540,Y,Y,Y,Y,N,COMPLETE,2025-12-04
L001541,Y,N,Y,N,N,COMPLETE,2026-07-17
L001542,Y,Y,Y,N,Y,COMPLETE,2026-04-28
L001543,N,Y,N,Y,Y,INCOMPLETE,2026-03-09
L001544,Y,Y,N,N,N,COMPLETE,2026-02-06
L001545,N,Y,Y,N,N,COMPLETE,2025-12-20
L001546,Y,Y,Y,Y,Y,MISSING,2026-04-25
L001547,Y,N,Y,Y,Y,COMPLETE,2025-11-01
L001548,Y,Y,N,N,Y,COMPLETE,2025-08-29
L001549,N,N,Y,N,Y,COMPLETE,2026-05-28
L001550,Y,N,Y,Y,Y,COMPLETE,2026-01-18
L001551,Y,N,N,N,Y,COMPLETE,2026-01-29
L001552,N,N,N,Y,N,COMPLETE,2026-07-12
L001553,Y,Y,Y,N,Y,COMPLETE,2025-11-04
L001554,Y,Y,Y,N,Y,MISSING,2026-07-28
L001555,N,Y,N,N,N,COMPLETE,2025-12-07
L001556,Y,Y,N,N,N,INCOMPLETE,2025-09-26
L001557,Y,N,Y,N,Y,MISSING,2026-01-25
L001558,N,N,Y,N,Y,COMPLETE,2026-02-12
L001559,Y,N,Y,N,Y,INCOMPLETE,2026-04-26
L001560,N,Y,Y,Y,N,COMPLETE,2026-06-06
L001561,Y,Y,N,Y,Y,COMPLETE,2025-12-13
L001562,N,N,Y,N,Y,COMPLETE,2026-06-11
L001563,Y,Y,Y,Y,N,COMPLETE,2025-10-26
L001564,N,Y,Y,N,N,INCOMPLETE,2025-09-09
L001565,Y,Y,Y,N,Y,COMPLETE,2026-03-10
L001566,Y,Y,Y,N,Y,COMPLETE,2025-11-11
L001567,Y,Y,Y,Y,Y,COMPLETE,2026-08-12
L001568,Y,N,Y,N,Y,COMPLETE,2026-05-05
L001569,Y,N,Y,N,N,COMPLETE,2026-05-01
L001570,Y,N,Y,N,N,MISSING,2026-07-22
L001571,N,Y,Y,N,Y,COMPLETE,2026-07-12
L001572,Y,N,Y,Y,N,COMPLETE,2026-05-31
L001573,Y,N,Y,N,Y,COMPLETE,2026-06-13
L001574,Y,Y,N,N,Y,COMPLETE,2025-09-28
L001575,Y,N,Y,Y,N,MISSING,2026-02-28
L001576,N,Y,N,N,N,MISSING,2025-11-09
L001577,Y,N,Y,N,Y,COMPLETE,2026-05-16
L001578,Y,N,Y,Y,N,COMPLETE,2026-07-04
L001579,Y,Y,N,Y,Y,COMPLETE,2025-09-04
L001580,Y,N,Y,N,Y,COMPLETE,2026-08-19
L001581,Y,N,Y,Y,Y,COMPLETE,2025-12-20
L001582,Y,N,N,Y,Y,COMPLETE,2026-04-14
L001583,N,Y,N,N,Y,MISSING,2026-07-16
L001584,Y,Y,N,N,N,COMPLETE,2026-08-24
L001585,N,N,Y,N,Y,COMPLETE,2026-06-13
L001586,Y,N,Y,N,Y,COMPLETE,2026-05-16
L001587,Y,Y,N,N,N,MISSING,2025-10-05
L001588,N,N,N,N,Y,COMPLETE,2026-04-14
L001589,Y,Y,Y,N,Y,COMPLETE,2026-06-24
L001590,N,N,Y,Y,Y,COMPLETE,2026-07-03
L001591,N,Y,Y,N,Y,COMPLETE,2026-04-07
L001592,Y,Y,N,Y,Y,COMPLETE,2026-04-02
L001593,Y,N,N,N,N,COMPLETE,2026-03-27
L001594,Y,N,Y,N,N,INCOMPLETE,2025-10-13
L001595,Y,N,Y,N,N,COMPLETE,2026-05-05
L001596,Y,N,Y,N,N,COMPLETE,2026-06-26
L001597,Y,Y,N,N,N,COMPLETE,2026-03-19
L001598,Y,N,Y,N,N,COMPLETE,2025-10-18
L001599,N,N,N,Y,N,COMPLETE,2026-02-05
L001600,Y,Y,Y,N,N,COMPLETE,2026-04-08
L001601,Y,N,N,Y,Y,COMPLETE,2025-12-10
L001602,N,Y,Y,N,Y,MISSING,2026-01-13
L001603,Y,Y,Y,N,Y,COMPLETE,2026-05-17
L001604,Y,N,Y,N,N,COMPLETE,2025-10-13
L001605,Y,Y,Y,N,Y,COMPLETE,2026-07-24
L001606,N,Y,Y,N,N,COMPLETE,2026-06-23
L001607,N,Y,Y,Y,Y,COMPLETE,2025-11-08
L001608,Y,N,Y,Y,Y,COMPLETE,2026-08-08
L001609,N,N,N,Y,Y,MISSING,2025-11-16
L001610,Y,N,Y,Y,Y,COMPLETE,2026-02-16
L001611,Y,N,N,Y,Y,COMPLETE,2025-12-31
L001612,N,N,Y,Y,Y,INCOMPLETE,2025-09-21
L001613,N,N,Y,Y,N,COMPLETE,2025-10-30
L001614,Y,N,Y,Y,N,INCOMPLETE,2026-08-13
L001615,N,Y,Y,N,Y,COMPLETE,2026-08-03
L001616,Y,Y,Y,N,Y,COMPLETE,2025-11-09
L001617,Y,Y,Y,N,Y,INCOMPLETE,2026-07-10
L001618,Y,Y,Y,Y,N,COMPLETE,2026-08-02
L001620,Y,Y,Y,N,Y,MISSING,2026-01-08
L001621,Y,Y,Y,N,Y,COMPLETE,2025-12-21
L001622,Y,Y,Y,N,Y,COMPLETE,2025-08-30
L001623,Y,N,N,N,Y,COMPLETE,2026-02-10
L001624,Y,Y,Y,Y,N,COMPLETE,2026-03-20
L001625,N,N,Y,N,Y,COMPLETE,2026-03-29
L001626,Y,Y,Y,N,Y,COMPLETE,2026-06-25
L001627,N,Y,N,N,Y,COMPLETE,2026-04-12
L001628,Y,Y,Y,N,N,COMPLETE,2026-03-29
L001629,Y,N,N,N,N,MISSING,2026-05-12
L001630,Y,Y,Y,N,Y,COMPLETE,2026-06-08
L001631,Y,Y,Y,N,N,COMPLETE,2026-01-14
L001632,Y,Y,Y,Y,N,MISSING,2025-12-31
L001633,Y,Y,Y,N,Y,COMPLETE,2026-04-26
L001634,Y,N,N,Y,N,COMPLETE,2025-09-15
L001635,Y,N,Y,Y,Y,COMPLETE,2026-04-08
L001636,Y,Y,Y,N,Y,MISSING,2026-01-05
L001637,Y,N,Y,N,N,COMPLETE,2026-06-02
L001638,Y,Y,Y,Y,N,COMPLETE,2025-10-10
L001639,Y,Y,Y,Y,Y,COMPLETE,2025-10-10
L001640,Y,N,Y,Y,N,COMPLETE,2025-09-29
L001641,Y,Y,Y,N,Y,COMPLETE,2026-02-13
L001642,Y,N,Y,N,N,INCOMPLETE,2026-07-10
L001643,Y,N,N,Y,Y,COMPLETE,2025-12-01
L001644,Y,N,N,N,Y,MISSING,2026-03-26
L001645,Y,Y,Y,N,Y,COMPLETE,2025-10-13
L001646,Y,Y,Y,N,Y,COMPLETE,2026-05-23
L001647,Y,Y,Y,N,Y,MISSING,2025-08-31
L001648,Y,N,Y,N,N,INCOMPLETE,2025-12-16
L001649,Y,Y,N,N,Y,COMPLETE,2025-09-05
L001650,N,Y,Y,N,Y,COMPLETE,2025-09-25
L001651,N,N,Y,N,N,COMPLETE,2026-03-01
L001652,Y,Y,Y,Y,Y,COMPLETE,2025-09-05
L001653,Y,Y,Y,Y,N,COMPLETE,2025-12-07
L001654,Y,Y,Y,N,Y,COMPLETE,2026-03-03
L001655,N,N,Y,Y,Y,COMPLETE,2025-12-30
L001656,Y,Y,N,N,Y,INCOMPLETE,2025-09-23
L001657,Y,Y,Y,Y,Y,COMPLETE,2025-12-28
L001658,N,N,N,N,N,COMPLETE,2026-06-25
L001659,Y,N,Y,N,Y,COMPLETE,2026-05-10
L001660,Y,N,Y,N,N,COMPLETE,2026-05-26
L001661,Y,N,Y,N,Y,COMPLETE,2026-05-29
L001662,Y,Y,Y,N,Y,INCOMPLETE,2025-12-12
L001663,Y,Y,N,N,Y,INCOMPLETE,2025-11-13
L001664,Y,N,N,N,N,COMPLETE,2026-01-17
L001665,Y,N,N,N,N,COMPLETE,2025-09-19
L001666,Y,N,N,N,Y,COMPLETE,2025-11-10
L001667,N,N,Y,N,Y,COMPLETE,2025-10-31
L001668,N,N,Y,Y,Y,COMPLETE,2025-09-30
L001669,Y,N,Y,N,Y,COMPLETE,2026-08-23
L001670,Y,Y,N,N,Y,MISSING,2025-12-12
L001671,Y,Y,Y,N,N,COMPLETE,2026-08-21
L001672,N,Y,Y,N,Y,COMPLETE,2026-03-26
L001673,Y,N,Y,N,Y,COMPLETE,2025-10-06
L001674,Y,Y,Y,Y,Y,COMPLETE,2026-05-22
L001675,Y,Y,Y,N,N,COMPLETE,2026-04-11
L001676,N,Y,N,N,Y,COMPLETE,2026-07-06
L001677,Y,N,Y,N,Y,COMPLETE,2026-03-16
L001678,Y,Y,Y,N,Y,INCOMPLETE,2025-11-11
L001679,Y,N,Y,N,Y,COMPLETE,2025-09-20
L001681,Y,Y,N,N,Y,COMPLETE,2026-02-27
L001682,Y,Y,Y,N,N,COMPLETE,2025-09-11
L001683,Y,Y,Y,Y,N,COMPLETE,2026-07-22
L001684,Y,N,Y,N,Y,COMPLETE,2026-07-23
L001685,Y,Y,Y,N,Y,COMPLETE,2026-01-20
L001686,Y,Y,Y,N,N,COMPLETE,2025-09-14
L001687,Y,N,Y,N,N,COMPLETE,2025-09-26
L001688,Y,Y,Y,N,Y,COMPLETE,2026-02-18
L001689,Y,N,Y,N,N,COMPLETE,2026-05-30
L001690,Y,Y,Y,Y,Y,COMPLETE,2026-03-27
L001691,Y,Y,N,N,Y,COMPLETE,2025-12-29
L001692,N,Y,Y,N,Y,COMPLETE,2026-03-18
L001693,Y,N,Y,N,Y,COMPLETE,2026-01-02
L001694,Y,N,N,Y,Y,INCOMPLETE,2025-11-01
L001695,N,Y,N,Y,N,COMPLETE,2026-04-05
L001696,Y,Y,Y,Y,Y,INCOMPLETE,2026-04-12
L001697,Y,N,Y,N,N,INCOMPLETE,2025-11-22
L001698,Y,N,N,N,Y,COMPLETE,2025-10-30
L001699,Y,Y,N,N,N,COMPLETE,2026-02-14
L001700,N,N,Y,N,Y,INCOMPLETE,2025-09-28
L001701,Y,N,N,Y,Y,COMPLETE,2025-08-25
L001702,Y,N,Y,N,Y,COMPLETE,2025-10-09
L001703,Y,N,N,N,Y,COMPLETE,2025-12-27
L001704,Y,N,Y,Y,N,COMPLETE,2025-10-03
L001705,N,Y,Y,N,Y,COMPLETE,2025-12-05
L001706,Y,Y,Y,N,N,COMPLETE,2025-08-28
L001707,N,Y,Y,N,N,COMPLETE,2025-09-19
L001708,Y,Y,Y,Y,Y,COMPLETE,2025-09-16
L001709,Y,Y,Y,Y,Y,COMPLETE,2026-04-05
L001710,Y,N,Y,N,Y,INCOMPLETE,2026-07-05
L001711,Y,N,N,N,Y,COMPLETE,2025-12-06
L001712,N,Y,Y,Y,N,MISSING,2026-05-28
L001713,Y,Y,Y,Y,Y,COMPLETE,2026-03-27
L001714,Y,N,Y,N,Y,COMPLETE,2025-11-10
L001715,Y,N,Y,N,Y,COMPLETE,2026-08-07
L001716,Y,Y,Y,N,N,COMPLETE,2025-08-29
L001717,Y,N,Y,Y,Y,INCOMPLETE,2025-12-12
L001718,Y,Y,Y,N,Y,COMPLETE,2025-12-15
L001719,Y,Y,Y,Y,Y,MISSING,2026-07-25
L001720,Y,N,Y,N,N,INCOMPLETE,2026-07-09
L001721,N,Y,Y,Y,Y,COMPLETE,2026-04-27
L001722,N,Y,Y,Y,Y,COMPLETE,2026-03-06
L001723,Y,N,N,N,Y,MISSING,2026-01-30
L001724,Y,Y,Y,N,Y,COMPLETE,2026-07-28
L001725,N,Y,Y,N,Y,MISSING,2026-06-18
L001726,Y,Y,N,N,Y,COMPLETE,2025-10-03
L001727,Y,Y,N,Y,N,COMPLETE,2025-09-02
L001728,Y,N,Y,N,Y,COMPLETE,2026-04-08
L001729,Y,N,Y,Y,N,COMPLETE,2025-11-09
L001730,Y,N,Y,N,Y,COMPLETE,2025-10-30
L001731,Y,N,Y,N,Y,COMPLETE,2026-06-10
L001732,Y,N,N,N,Y,MISSING,2025-09-11
L001733,Y,N,Y,N,Y,COMPLETE,2025-10-28
L001734,Y,N,N,N,Y,INCOMPLETE,2026-03-23
L001735,Y,N,N,N,Y,COMPLETE,2025-12-03
L001736,Y,N,Y,Y,Y,COMPLETE,2025-12-06
L001737,N,N,N,N,Y,INCOMPLETE,2025-10-16
L001738,Y,Y,Y,Y,Y,COMPLETE,2025-11-12
L001739,Y,Y,Y,Y,N,COMPLETE,2026-01-13
L001740,N,N,Y,N,Y,COMPLETE,2025-12-18
L001741,N,N,Y,N,Y,COMPLETE,2026-02-20
L001742,Y,Y,Y,N,Y,COMPLETE,2026-03-15
L001743,Y,Y,Y,N,Y,COMPLETE,2025-12-24
L001744,Y,Y,Y,N,Y,COMPLETE,2026-03-25
L001745,Y,N,Y,Y,Y,COMPLETE,2025-09-13
L001746,Y,N,Y,Y,Y,COMPLETE,2025-10-19
L001747,N,N,Y,Y,Y,COMPLETE,2026-08-24
L001748,Y,Y,N,N,Y,COMPLETE,2025-11-18
L001749,Y,N,Y,Y,Y,COMPLETE,2026-04-03
L001750,Y,Y,Y,N,N,COMPLETE,2025-12-08
L001751,Y,Y,Y,N,N,COMPLETE,2025-11-10
L001752,Y,N,Y,N,Y,INCOMPLETE,2026-08-23
L001753,N,N,Y,Y,N,MISSING,2025-09-23
L001754,Y,N,Y,N,Y,COMPLETE,2025-11-09
L001755,N,Y,N,Y,N,COMPLETE,2026-07-30
L001756,Y,Y,Y,Y,Y,INCOMPLETE,2025-10-08
L001757,Y,Y,Y,N,N,MISSING,2026-01-01
L001758,Y,Y,N,Y,Y,COMPLETE,2025-09-27
L001759,Y,Y,N,Y,Y,COMPLETE,2025-12-10
L001760,Y,Y,N,Y,Y,COMPLETE,2026-05-31
L001761,Y,N,N,N,Y,COMPLETE,2026-03-22
L001762,Y,Y,N,Y,Y,COMPLETE,2025-10-09
L001763,Y,Y,Y,N,Y,COMPLETE,2025-10-07
L001764,Y,N,Y,N,Y,COMPLETE,2025-11-08
L001765,N,N,Y,Y,Y,COMPLETE,2026-07-27
L001766,Y,Y,Y,N,Y,COMPLETE,2026-08-14
L001767,Y,N,N,N,Y,COMPLETE,2026-06-21
L001768,Y,Y,N,Y,Y,INCOMPLETE,2026-02-17
L001769,Y,Y,Y,Y,Y,COMPLETE,2026-01-26
L001770,Y,N,Y,Y,N,INCOMPLETE,2025-12-24
L001771,Y,N,N,N,Y,COMPLETE,2025-11-18
L001772,Y,N,Y,N,Y,INCOMPLETE,2026-05-26
L001773,Y,Y,Y,N,Y,COMPLETE,2026-05-17
L001774,N,Y,Y,Y,Y,COMPLETE,2025-09-19
L001775,Y,Y,Y,Y,Y,COMPLETE,2026-04-27
L001776,N,Y,Y,Y,Y,INCOMPLETE,2025-09-14
L001777,Y,Y,Y,Y,Y,COMPLETE,2026-03-11
L001778,Y,N,Y,N,N,COMPLETE,2026-02-13
L001779,Y,Y,N,N,Y,COMPLETE,2026-02-24
L001780,Y,Y,N,N,Y,COMPLETE,2026-04-02
L001781,Y,Y,N,Y,Y,COMPLETE,2026-01-05
L001782,N,Y,Y,N,N,COMPLETE,2026-07-18
L001783,N,N,N,N,Y,COMPLETE,2026-02-23
L001784,Y,Y,Y,N,N,INCOMPLETE,2025-09-04
L001785,Y,N,N,N,Y,COMPLETE,2025-10-19
L001786,N,Y,N,N,Y,COMPLETE,2025-10-12
L001787,N,Y,Y,N,N,COMPLETE,2026-05-03
L001788,Y,Y,N,Y,Y,COMPLETE,2026-03-02
L001789,Y,N,Y,Y,Y,INCOMPLETE,2025-10-01
L001790,Y,N,Y,N,Y,COMPLETE,2026-08-13
L001791,Y,Y,N,N,Y,COMPLETE,2026-01-24
L001792,Y,Y,Y,N,N,COMPLETE,2026-02-25
L001793,Y,N,Y,N,Y,COMPLETE,2026-01-07
L001794,Y,N,N,N,Y,COMPLETE,2026-03-28
L001795,Y,Y,Y,Y,Y,COMPLETE,2025-12-23
L001796,Y,N,Y,N,Y,INCOMPLETE,2025-11-27
L001797,Y,Y,N,N,N,INCOMPLETE,2025-12-21
L001798,Y,N,Y,Y,N,COMPLETE,2025-11-26
L001799,Y,N,N,N,N,INCOMPLETE,2025-10-24
L001800,Y,N,Y,Y,N,MISSING,2025-09-11
L001801,Y,N,N,N,Y,COMPLETE,2025-09-30
L001802,Y,N,Y,Y,Y,COMPLETE,2026-07-01
L001803,Y,Y,Y,N,N,MISSING,2026-02-17
L001804,N,Y,Y,Y,N,INCOMPLETE,2026-02-26
L001805,N,Y,Y,Y,Y,COMPLETE,2026-04-21
L001806,N,Y,Y,N,N,COMPLETE,2026-03-30
L001807,Y,N,Y,Y,N,MISSING,2026-06-05
L001808,Y,Y,Y,Y,Y,COMPLETE,2025-11-26
L001809,Y,N,Y,Y,N,COMPLETE,2025-11-29
L001810,Y,Y,Y,Y,Y,COMPLETE,2026-05-19
L001811,Y,Y,N,Y,N,COMPLETE,2025-11-27
L001812,Y,N,N,N,Y,COMPLETE,2025-12-24
L001813,Y,N,Y,N,Y,MISSING,2025-11-05
L001814,Y,N,Y,N,Y,COMPLETE,2026-01-25
L001815,Y,Y,Y,Y,Y,COMPLETE,2025-09-25
L001816,N,N,Y,Y,Y,COMPLETE,2025-12-31
L001817,Y,Y,Y,Y,Y,COMPLETE,2025-09-06
L001818,N,N,Y,N,Y,COMPLETE,2026-08-23
L001819,Y,Y,N,Y,Y,COMPLETE,2026-08-14
L001820,Y,Y,Y,Y,Y,COMPLETE,2026-05-30
L001821,N,Y,Y,N,Y,INCOMPLETE,2026-08-06
L001822,Y,Y,Y,N,Y,COMPLETE,2026-04-09
L001823,Y,Y,N,N,Y,COMPLETE,2025-12-23
L001824,Y,Y,Y,N,N,COMPLETE,2026-07-14
L001825,N,Y,Y,N,Y,COMPLETE,2026-02-20
L001827,Y,N,Y,Y,N,MISSING,2025-12-08
L001828,N,Y,N,N,Y,COMPLETE,2025-12-19
L001829,Y,Y,Y,N,Y,INCOMPLETE,2025-10-24
L001830,N,N,Y,Y,Y,COMPLETE,2026-06-05
L001831,Y,Y,Y,N,N,COMPLETE,2026-03-08
L001832,N,N,Y,Y,Y,COMPLETE,2026-04-18
L001833,Y,N,Y,Y,Y,COMPLETE,2026-06-26
L001834,N,N,Y,N,Y,COMPLETE,2026-06-22
L001835,Y,Y,Y,Y,Y,COMPLETE,2025-09-05
L001836,Y,Y,Y,Y,Y,INCOMPLETE,2026-01-24
L001837,N,N,N,N,Y,COMPLETE,2026-05-31
L001838,Y,N,Y,N,Y,COMPLETE,2026-08-02
L001839,Y,N,Y,Y,N,COMPLETE,2026-02-08
L001840,N,N,N,N,Y,COMPLETE,2026-08-08
L001841,Y,N,Y,N,N,COMPLETE,2025-10-02
L001842,Y,N,N,Y,Y,COMPLETE,2025-10-24
L001843,Y,N,Y,N,N,INCOMPLETE,2026-03-22
L001844,N,N,N,N,N,MISSING,2026-04-21
L001845,N,Y,Y,Y,Y,COMPLETE,2025-12-10
L001846,Y,Y,N,Y,Y,MISSING,2026-05-28
L001847,N,N,N,N,Y,INCOMPLETE,2025-11-24
L001848,Y,Y,N,N,N,INCOMPLETE,2026-03-29
L001849,N,N,Y,N,Y,COMPLETE,2026-05-20
L001851,Y,Y,Y,N,Y,INCOMPLETE,2026-04-27
L001852,N,N,Y,N,Y,COMPLETE,2026-05-13
L001853,Y,Y,Y,Y,Y,INCOMPLETE,2026-03-07
L001854,Y,Y,Y,N,Y,COMPLETE,2026-06-03
L001855,Y,N,Y,N,N,COMPLETE,2025-10-19
L001856,Y,Y,Y,N,N,COMPLETE,2026-06-28
L001857,Y,Y,N,N,Y,COMPLETE,2025-10-15
L001858,Y,N,N,N,Y,COMPLETE,2026-03-18
L001859,Y,Y,Y,N,N,INCOMPLETE,2026-06-30
L001860,N,Y,Y,Y,Y,COMPLETE,2026-04-07
L001861,Y,Y,Y,N,N,COMPLETE,2026-01-29
L001862,Y,Y,Y,N,Y,INCOMPLETE,2026-01-07
L001863,Y,Y,Y,N,N,COMPLETE,2026-06-15
L001864,Y,N,Y,Y,N,MISSING,2025-11-12
L001865,Y,Y,Y,N,N,INCOMPLETE,2026-03-27
L001866,Y,Y,Y,Y,Y,COMPLETE,2026-06-15
L001867,Y,N,Y,N,N,COMPLETE,2026-01-08
L001868,N,Y,Y,N,N,COMPLETE,2026-05-15
L001869,Y,N,N,N,N,COMPLETE,2025-09-30
L001870,Y,Y,Y,Y,Y,COMPLETE,2026-01-02
L001871,Y,Y,N,Y,Y,COMPLETE,2026-05-21
L001872,N,N,Y,N,Y,COMPLETE,2026-02-13
L001873,Y,N,Y,N,Y,COMPLETE,2026-05-13
L001874,Y,N,N,N,N,COMPLETE,2025-09-05
L001875,Y,N,Y,N,N,COMPLETE,2025-12-25
L001876,Y,Y,Y,N,Y,COMPLETE,2025-12-07
L001877,N,Y,Y,N,N,COMPLETE,2025-11-09
L001878,Y,Y,Y,N,Y,COMPLETE,2026-08-11
L001879,Y,Y,Y,Y,Y,COMPLETE,2025-10-03
L001880,N,Y,Y,N,Y,COMPLETE,2026-04-03
L001881,Y,Y,Y,N,Y,COMPLETE,2025-10-11
L001882,N,N,Y,N,Y,COMPLETE,2026-05-06
L001883,Y,N,Y,N,Y,COMPLETE,2025-09-15
L001884,Y,N,Y,Y,N,COMPLETE,2025-09-21
L001885,Y,N,N,N,Y,COMPLETE,2025-12-18
L001886,Y,Y,Y,N,Y,COMPLETE,2025-11-26
L001887,N,Y,Y,Y,Y,COMPLETE,2026-06-26
L001888,Y,N,Y,Y,Y,COMPLETE,2026-05-11
L001889,Y,Y,N,Y,Y,INCOMPLETE,2025-10-05
L001890,Y,Y,Y,Y,Y,COMPLETE,2026-03-19
L001891,Y,Y,N,N,Y,COMPLETE,2026-07-20
L001892,Y,N,Y,N,N,COMPLETE,2025-09-10
L001893,Y,Y,Y,N,N,INCOMPLETE,2026-05-27
L001894,Y,N,Y,N,Y,COMPLETE,2026-01-19
L001895,Y,Y,Y,Y,Y,COMPLETE,2026-06-07
L001896,Y,Y,N,N,N,COMPLETE,2025-08-29
L001897,N,N,Y,N,N,COMPLETE,2026-03-08
L001898,Y,N,Y,N,N,COMPLETE,2026-06-15
L001899,Y,N,Y,Y,Y,COMPLETE,2025-10-25
L001900,Y,Y,Y,N,Y,COMPLETE,2025-11-08
L001901,Y,N,Y,N,Y,INCOMPLETE,2026-04-25
L001902,Y,Y,Y,Y,Y,COMPLETE,2025-10-02
L001903,Y,N,Y,Y,Y,COMPLETE,2026-06-21
L001904,Y,Y,N,N,N,COMPLETE,2026-08-19
L001905,Y,N,Y,Y,Y,COMPLETE,2026-06-23
L001906,Y,Y,Y,N,N,COMPLETE,2026-02-24
L001907,N,Y,Y,N,Y,INCOMPLETE,2026-04-23
L001908,N,Y,Y,N,Y,COMPLETE,2026-04-08
L001909,Y,Y,Y,Y,Y,COMPLETE,2026-03-05
L001910,N,N,N,N,Y,COMPLETE,2026-03-27
L001911,N,N,Y,N,Y,COMPLETE,2026-04-21
L001912,Y,Y,Y,Y,Y,COMPLETE,2026-05-16
L001913,Y,N,N,N,Y,COMPLETE,2025-12-09
L001914,N,N,Y,N,Y,COMPLETE,2026-03-05
L001915,Y,N,N,N,Y,COMPLETE,2026-02-08
L001916,Y,Y,Y,N,Y,COMPLETE,2026-07-31
L001917,N,N,Y,N,N,COMPLETE,2026-02-08
L001918,Y,N,Y,Y,N,COMPLETE,2026-07-23
L001919,Y,N,Y,N,Y,COMPLETE,2026-01-13
L001920,Y,Y,Y,N,Y,COMPLETE,2026-08-22
L001921,Y,Y,Y,N,Y,COMPLETE,2025-10-05
L001922,Y,Y,Y,N,N,COMPLETE,2025-09-30
L001923,Y,N,Y,N,Y,COMPLETE,2025-11-03
L001924,Y,Y,N,N,Y,COMPLETE,2026-03-07
L001925,Y,Y,Y,N,N,COMPLETE,2026-01-21
L001926,Y,Y,Y,N,Y,COMPLETE,2025-09-08
L001927,Y,Y,Y,N,Y,COMPLETE,2026-07-11
L001928,Y,Y,Y,Y,N,COMPLETE,2026-01-30
L001929,N,N,Y,N,Y,COMPLETE,2026-05-11
L001930,Y,N,Y,N,Y,COMPLETE,2026-03-11
L001931,Y,N,N,Y,Y,COMPLETE,2026-04-20
L001932,N,N,Y,Y,Y,INCOMPLETE,2026-06-20
L001933,Y,N,N,N,Y,COMPLETE,2026-05-07
L001934,Y,N,Y,N,Y,INCOMPLETE,2026-04-18
L001935,Y,N,Y,N,Y,INCOMPLETE,2026-05-17
L001936,Y,Y,Y,N,Y,COMPLETE,2026-04-01
L001937,N,Y,N,N,N,COMPLETE,2025-10-04
L001938,N,N,N,N,N,COMPLETE,2026-01-17
L001939,Y,N,Y,N,Y,COMPLETE,2025-12-17
L001940,Y,Y,Y,Y,Y,MISSING,2025-12-06
L001941,N,N,Y,Y,Y,COMPLETE,2026-07-22
L001942,Y,Y,Y,N,N,COMPLETE,2026-07-28
L001943,N,N,N,N,N,MISSING,2025-09-05
L001944,Y,N,Y,N,Y,INCOMPLETE,2026-07-15
L001945,Y,N,Y,Y,Y,COMPLETE,2025-09-30
L001946,Y,N,Y,Y,Y,COMPLETE,2026-01-02
L001947,Y,N,N,N,Y,COMPLETE,2026-06-05
L001948,Y,N,N,N,Y,INCOMPLETE,2025-10-18
L001949,Y,Y,N,N,N,COMPLETE,2026-04-15
L001950,Y,Y,Y,N,N,COMPLETE,2026-05-13
L001951,N,Y,Y,N,Y,MISSING,2026-07-27
L001952,Y,Y,Y,Y,N,COMPLETE,2026-03-06
L001953,Y,N,Y,N,Y,COMPLETE,2026-06-16
L001954,Y,Y,Y,N,Y,COMPLETE,2026-02-03
L001955,Y,N,Y,Y,N,MISSING,2025-12-24
L001956,N,N,Y,N,N,COMPLETE,2025-12-16
L001957,Y,N,N,Y,Y,COMPLETE,2025-10-22
L001958,Y,N,Y,N,Y,COMPLETE,2025-10-15
L001959,Y,N,Y,Y,N,COMPLETE,2026-02-24
L001960,Y,Y,Y,Y,Y,COMPLETE,2026-02-02
L001961,N,N,Y,Y,Y,COMPLETE,2026-05-21
L001962,N,N,Y,N,Y,MISSING,2026-03-15
L001963,Y,N,Y,Y,Y,INCOMPLETE,2026-08-04
L001964,N,N,Y,Y,Y,COMPLETE,2026-05-25
L001965,Y,N,N,N,Y,COMPLETE,2025-10-06
L001966,N,Y,Y,N,Y,INCOMPLETE,2025-10-05
L001967,Y,N,Y,N,Y,COMPLETE,2026-01-19
L001968,N,N,Y,Y,N,INCOMPLETE,2026-01-07
L001969,N,N,N,Y,Y,MISSING,2026-05-16
L001970,Y,N,Y,N,Y,MISSING,2026-04-30
L001971,Y,N,Y,N,N,COMPLETE,2025-09-08
L001972,Y,N,Y,Y,Y,INCOMPLETE,2026-07-30
L001973,Y,N,Y,N,Y,MISSING,2026-08-09
L001974,Y,N,Y,N,Y,COMPLETE,2026-01-29
L001975,Y,Y,Y,N,N,COMPLETE,2026-07-16
L001976,Y,N,Y,N,Y,COMPLETE,2025-10-08
L001977,N,Y,N,N,Y,INCOMPLETE,2025-12-22
L001978,N,N,Y,N,N,COMPLETE,2026-08-07
L001979,Y,N,Y,N,Y,COMPLETE,2026-06-17
L001980,Y,N,Y,N,Y,MISSING,2025-12-16
L001981,N,Y,Y,Y,Y,COMPLETE,2026-07-25
L001982,Y,N,Y,N,Y,COMPLETE,2025-10-04
L001983,Y,Y,N,N,Y,COMPLETE,2026-04-05
L001984,Y,N,Y,N,Y,MISSING,2025-11-25
L001985,N,N,Y,Y,Y,COMPLETE,2025-09-02
L001986,N,N,Y,N,Y,COMPLETE,2026-07-22
L001987,Y,Y,N,N,N,COMPLETE,2026-08-24
L001988,N,Y,Y,Y,Y,COMPLETE,2025-11-02
L001989,N,Y,Y,N,Y,COMPLETE,2025-12-09
L001990,Y,Y,Y,N,Y,COMPLETE,2025-11-18
L001991,N,Y,N,N,Y,INCOMPLETE,2026-03-03
L001992,Y,Y,N,N,N,COMPLETE,2026-03-22
L001993,N,N,Y,N,Y,COMPLETE,2025-10-31
L001994,Y,Y,N,N,Y,COMPLETE,2026-08-11
L001995,Y,N,Y,N,N,INCOMPLETE,2025-11-25
L001996,Y,N,Y,N,N,COMPLETE,2026-02-08
L001997,Y,Y,Y,N,Y,COMPLETE,2026-01-22
L001998,Y,Y,Y,N,Y,COMPLETE,2026-06-09
L001999,Y,N,N,N,Y,COMPLETE,2026-06-15
L002000,Y,N,N,N,Y,COMPLETE,2026-02-14
