loan_id,current_balance,payment_status,days_past_due,last_payment_date,last_updated_at,servicer_name,document_status,source_system
L000905,249586.20,CURRENT,0,2026-08-08,2026-08-17,Freedom Mortgage,INCOMPLETE,SERVICER_PORTAL
L000817,0.00,CLOSED,0,2026-07-08,2026-08-18,PNC Bank,COMPLETE,SERVICER_PORTAL
L000133,149573.42,CURRENT,0,2026-07-14,2026-08-07,JPMorgan Chase,COMPLETE,SERVICER_PORTAL
L000899,251404.69,CURRENT,0,2026-08-09,2026-08-17,Wells Fargo,COMPLETE,SERVICER_PORTAL
L000261,186497.98,DEFAULT,229,2026-07-21,2026-08-19,Wells Fargo,INCOMPLETE,SERVICER_PORTAL
L000911,0.00,PAID_OFF,0,2026-07-29,2026-08-05,Wells Fargo,INCOMPLETE,SERVICER_PORTAL
L000733,27571.26,CURRENT,0,2026-08-14,2026-08-03,Freedom Mortgage,COMPLETE,SERVICER_PORTAL
L000977,115927.87,DELINQUENT,73,2026-07-26,2026-07-27,US Bank,COMPLETE,SERVICER_PORTAL
L001949,26795.71,CURRENT,0,2026-07-07,2026-08-24,PNC Bank,COMPLETE,SERVICER_PORTAL
L000463,58749.88,CURRENT,0,2026-07-03,2026-08-01,Wells Fargo,MISSING,SERVICER_PORTAL
L000693,45851.69,CURRENT,0,2026-07-30,2026-07-29,JPMorgan Chase,INCOMPLETE,SERVICER_PORTAL
L000658,135647.46,CURRENT,0,2026-08-02,2026-07-28,Bank of America,COMPLETE,SERVICER_PORTAL
L000636,0.00,PAID_OFF,0,2026-08-07,2026-07-30,Freedom Mortgage,COMPLETE,SERVICER_PORTAL
L001145,165215.03,CURRENT,0,2026-08-13,2026-08-13,Wells Fargo,COMPLETE,SERVICER_PORTAL
L001907,471852.28,CURRENT,0,2026-08-01,2026-08-11,US Bank,COMPLETE,SERVICER_PORTAL
L000219,110361.62,CURRENT,0,2026-07-11,2026-08-23,PNC Bank,COMPLETE,SERVICER_PORTAL
L000592,293217.43,CURRENT,0,2026-08-12,2026-08-09,JPMorgan Chase,COMPLETE,SERVICER_PORTAL
L000961,310178.73,CURRENT,0,2026-08-18,2026-07-28,Bank of America,COMPLETE,SERVICER_PORTAL
L001930,521258.71,DEFAULT,270,2026-07-09,2026-08-01,PNC Bank,COMPLETE,SERVICER_PORTAL
L000200,0.00,PAID_OFF,0,2026-07-17,2026-07-26,PNC Bank,COMPLETE,SERVICER_PORTAL
L000370,81363.67,CURRENT,0,2026-07-15,2026-08-04,Wells Fargo,COMPLETE,SERVICER_PORTAL
L001871,145713.96,CURRENT,0,2026-08-13,2026-08-12,PNC Bank,COMPLETE,SERVICER_PORTAL
L000800,240454.63,CURRENT,0,2026-06-26,2026-08-05,Freedom Mortgage,COMPLETE,SERVICER_PORTAL
L000835,174007.70,CURRENT,0,2026-07-07,2026-08-22,US Bank,COMPLETE,SERVICER_PORTAL
L000879,178317.27,CURRENT,0,2026-07-03,2026-08-13,JPMorgan Chase,COMPLETE,SERVICER_PORTAL
L000217,107893.65,CURRENT,0,2026-07-28,2026-08-20,PNC Bank,INCOMPLETE,SERVICER_PORTAL
L000697,482398.06,CURRENT,0,2026-08-15,2026-08-17,Wells Fargo,COMPLETE,SERVICER_PORTAL
L001834,139827.54,CURRENT,0,2026-07-29,2026-08-01,Bank of America,COMPLETE,SERVICER_PORTAL
L001404,265172.90,CURRENT,0,2026-07-04,2026-08-18,JPMorgan Chase,INCOMPLETE,SERVICER_PORTAL
L000507,61994.08,CURRENT,0,2026-08-19,2026-08-21,PNC Bank,COMPLETE,SERVICER_PORTAL
L001193,41304.87,CURRENT,0,2026-07-19,2026-08-21,Wells Fargo,INCOMPLETE,SERVICER_PORTAL
L000446,0.00,PAID_OFF,0,2026-07-22,2026-07-30,Freedom Mortgage,COMPLETE,SERVICER_PORTAL
L001642,125398.07,CURRENT,0,2026-08-12,2026-08-05,Wells Fargo,COMPLETE,SERVICER_PORTAL
L001586,144062.02,DELINQUENT,43,2026-08-08,2026-08-08,Quicken Loans,INCOMPLETE,SERVICER_PORTAL
L001186,68947.19,CURRENT,0,2026-07-24,2026-08-10,JPMorgan Chase,COMPLETE,SERVICER_PORTAL
L001531,237926.38,CURRENT,0,2026-08-18,2026-08-05,US Bank,COMPLETE,SERVICER_PORTAL
L001789,198632.46,CURRENT,0,2026-06-30,2026-07-26,Bank of America,COMPLETE,SERVICER_PORTAL
L000262,67035.81,CURRENT,0,2026-08-02,2026-08-03,Wells Fargo,COMPLETE,SERVICER_PORTAL
L001248,47106.06,DELINQUENT,48,2026-07-13,2026-08-08,Bank of America,COMPLETE,SERVICER_PORTAL
L000547,307137.91,CURRENT,0,2026-07-30,2026-08-24,Quicken Loans,COMPLETE,SERVICER_PORTAL
L000369,0.00,PAID_OFF,0,2026-07-18,2026-08-16,US Bank,COMPLETE,SERVICER_PORTAL
L000950,271458.75,CURRENT,0,2026-07-25,2026-07-26,Quicken Loans,COMPLETE,SERVICER_PORTAL
L001454,343787.41,CURRENT,0,2026-07-20,2026-08-08,Bank of America,COMPLETE,SERVICER_PORTAL
L000105,0.00,PAID_OFF,0,2026-08-17,2026-08-01,Wells Fargo,COMPLETE,SERVICER_PORTAL
L001712,148377.04,CURRENT,0,2026-08-19,2026-08-04,Quicken Loans,COMPLETE,SERVICER_PORTAL
L000285,0.00,PAID_OFF,0,2026-06-28,2026-08-23,Bank of America,MISSING,SERVICER_PORTAL
L000142,251781.91,CURRENT,45,2026-07-31,2026-08-02,Wells Fargo,COMPLETE,SERVICER_PORTAL
L000710,132220.70,DELINQUENT,62,2026-07-23,2026-08-19,Quicken Loans,COMPLETE,SERVICER_PORTAL
L000121,0.00,PAID_OFF,0,2026-08-05,2026-07-26,PNC Bank,COMPLETE,SERVICER_PORTAL
L001922,117349.59,CURRENT,0,2026-08-19,2026-08-21,Freedom Mortgage,COMPLETE,SERVICER_PORTAL
L001319,306964.75,CURRENT,0,2026-08-12,2026-08-24,Bank of America,COMPLETE,SERVICER_PORTAL
L000202,86069.95,DELINQUENT,30,2026-08-16,2026-07-29,JPMorgan Chase,COMPLETE,SERVICER_PORTAL
L000427,311532.85,CURRENT,0,2026-08-08,2026-07-28,Quicken Loans,COMPLETE,SERVICER_PORTAL
L001819,384367.60,CURRENT,0,2026-07-12,2026-08-05,Wells Fargo,COMPLETE,SERVICER_PORTAL
L000523,184453.85,CURRENT,0,2026-08-18,2026-08-12,Bank of America,COMPLETE,SERVICER_PORTAL
L001708,162122.33,DEFAULT,268,2026-07-11,2026-08-02,Freedom Mortgage,COMPLETE,SERVICER_PORTAL
L001757,337069.46,CURRENT,0,2026-06-30,2026-08-22,PNC Bank,COMPLETE,SERVICER_PORTAL
L000457,116546.07,CURRENT,0,2026-07-26,2026-08-16,US Bank,COMPLETE,SERVICER_PORTAL
L001308,143970.42,CURRENT,0,2026-07-23,2026-08-06,Quicken Loans,INCOMPLETE,SERVICER_PORTAL
L000513,147141.58,CURRENT,0,2026-08-08,2026-08-04,PNC Bank,COMPLETE,SERVICER_PORTAL
L001171,131953.28,DELINQUENT,57,2026-07-01,2026-07-30,Bank of America,INCOMPLETE,SERVICER_PORTAL
L000104,196404.87,CURRENT,0,2026-07-09,2026-08-05,Wells Fargo,COMPLETE,SERVICER_PORTAL
L000897,440077.09,DELINQUENT,70,2026-07-08,2026-08-22,JPMorgan Chase,COMPLETE,SERVICER_PORTAL
L000323,146075.51,CURRENT,0,2026-08-13,2026-08-06,Wells Fargo,INCOMPLETE,SERVICER_PORTAL
L000970,0.00,PAID_OFF,0,2026-07-03,2026-07-28,Bank of America,INCOMPLETE,SERVICER_PORTAL
L001272,436928.05,CURRENT,0,2026-07-25,2026-08-09,Freedom Mortgage,COMPLETE,SERVICER_PORTAL
L001758,0.00,CLOSED,0,2026-07-25,2026-07-27,Wells Fargo,COMPLETE,SERVICER_PORTAL
L001523,239235.46,DELINQUENT,76,2026-08-03,2026-08-06,Quicken Loans,COMPLETE,SERVICER_PORTAL
L001109,39565.31,CURRENT,0,2026-08-18,2026-08-06,JPMorgan Chase,COMPLETE,SERVICER_PORTAL
L001260,0.00,PAID_OFF,0,2026-08-01,2026-08-14,Wells Fargo,MISSING,SERVICER_PORTAL
L001323,0.00,CLOSED,0,2026-07-22,2026-07-31,Freedom Mortgage,COMPLETE,SERVICER_PORTAL
L001821,220731.73,CURRENT,0,2026-07-09,2026-08-18,US Bank,COMPLETE,SERVICER_PORTAL
L000678,45983.73,DELINQUENT,62,2026-07-29,2026-08-17,Bank of America,COMPLETE,SERVICER_PORTAL
L001035,192341.08,DELINQUENT,82,2026-07-23,2026-08-10,PNC Bank,COMPLETE,SERVICER_PORTAL
L000372,187291.73,DELINQUENT,61,2026-07-05,2026-08-20,Wells Fargo,COMPLETE,SERVICER_PORTAL
L001835,158675.43,CURRENT,0,2026-07-14,2026-08-04,PNC Bank,COMPLETE,SERVICER_PORTAL
L000591,0.00,PAID_OFF,0,2026-07-15,2026-08-07,Quicken Loans,COMPLETE,SERVICER_PORTAL
L001670,284358.18,DELINQUENT,64,2026-07-19,2026-08-09,JPMorgan Chase,MISSING,SERVICER_PORTAL
L000917,193523.10,CURRENT,0,2026-07-12,2026-08-05,JPMorgan Chase,COMPLETE,SERVICER_PORTAL
L000972,551369.58,CURRENT,0,2026-07-07,2026-08-09,PNC Bank,COMPLETE,SERVICER_PORTAL
L000388,0.00,PAID_OFF,0,2026-08-04,2026-08-24,Freedom Mortgage,COMPLETE,SERVICER_PORTAL
L000442,232970.53,CURRENT,0,2026-07-26,2026-08-03,Quicken Loans,COMPLETE,SERVICER_PORTAL
L001448,530816.61,CURRENT,0,2026-07-18,2026-08-15,Freedom Mortgage,COMPLETE,SERVICER_PORTAL
L001947,0.00,PAID_OFF,0,2026-08-03,2026-08-20,PNC Bank,COMPLETE,SERVICER_PORTAL
L001956,0.00,PAID_OFF,0,2026-08-06,2026-08-14,PNC Bank,COMPLETE,SERVICER_PORTAL
L001161,42727.20,PENDING,91,2026-07-29,2026-08-20,PNC Bank,COMPLETE,SERVICER_PORTAL
L000144,193491.39,CURRENT,0,2026-07-05,2026-08-07,Quicken Loans,COMPLETE,SERVICER_PORTAL
L001710,305885.94,DELINQUENT,48,2026-07-01,2026-08-20,Quicken Loans,COMPLETE,SERVICER_PORTAL
L000270,233725.00,CURRENT,0,2026-06-26,2026-08-17,Freedom Mortgage,COMPLETE,SERVICER_PORTAL
L001239,510129.51,DELINQUENT,86,2026-08-20,2026-08-12,PNC Bank,COMPLETE,SERVICER_PORTAL
L001779,123443.33,CURRENT,0,2026-07-25,2026-08-11,JPMorgan Chase,COMPLETE,SERVICER_PORTAL
L001241,472220.13,CURRENT,0,2026-08-13,2026-08-16,PNC Bank,INCOMPLETE,SERVICER_PORTAL
L001778,0.00,PAID_OFF,0,2026-07-26,2026-08-02,JPMorgan Chase,COMPLETE,SERVICER_PORTAL
L000089,142500.69,CURRENT,0,2026-07-30,2026-08-19,Freedom Mortgage,COMPLETE,SERVICER_PORTAL
L000454,243891.95,CURRENT,0,2026-06-30,2026-07-28,US Bank,COMPLETE,SERVICER_PORTAL
L000924,0.00,PAID_OFF,0,2026-08-07,2026-08-18,Bank of America,COMPLETE,SERVICER_PORTAL
L001892,38169.72,CURRENT,0,2026-08-03,2026-08-13,Bank of America,COMPLETE,SERVICER_PORTAL
L000230,259481.36,DEFAULT,339,2026-07-10,2026-08-15,JPMorgan Chase,COMPLETE,SERVICER_PORTAL
L001415,40879.71,CURRENT,0,2026-08-11,2026-08-22,Wells Fargo,COMPLETE,SERVICER_PORTAL
L001234,0.00,PAID_OFF,0,2026-07-15,2026-08-16,Bank of America,MISSING,SERVICER_PORTAL
L000225,0.00,PAID_OFF,0,2026-07-10,2026-08-15,JPMorgan Chase,COMPLETE,SERVICER_PORTAL
L000304,0.00,PAID_OFF,0,2026-07-16,2026-08-07,PNC Bank,COMPLETE,SERVICER_PORTAL
L000907,466983.45,DELINQUENT,79,2026-07-02,2026-08-15,Quicken Loans,COMPLETE,SERVICER_PORTAL
L000711,58328.23,CURRENT,0,2026-07-28,2026-08-22,JPMorgan Chase,COMPLETE,SERVICER_PORTAL
L001232,59983.93,CURRENT,0,2026-07-25,2026-08-16,Freedom Mortgage,COMPLETE,SERVICER_PORTAL
L000498,0.00,PAID_OFF,0,2026-08-04,2026-08-03,Quicken Loans,COMPLETE,SERVICER_PORTAL
L001166,214623.70,DELINQUENT,85,2026-07-19,2026-08-10,JPMorgan Chase,COMPLETE,SERVICER_PORTAL
L001432,268696.90,CURRENT,0,2026-07-31,2026-08-18,PNC Bank,INCOMPLETE,SERVICER_PORTAL
L001618,388973.63,DELINQUENT,36,2026-07-20,2026-08-13,Freedom Mortgage,COMPLETE,SERVICER_PORTAL
L000745,170986.67,CURRENT,0,2026-07-28,2026-08-17,Freedom Mortgage,COMPLETE,SERVICER_PORTAL
L000647,460961.55,DELINQUENT,32,2026-06-30,2026-08-21,Bank of America,COMPLETE,SERVICER_PORTAL
L000949,0.00,PAID_OFF,0,2026-08-16,2026-07-30,US Bank,COMPLETE,SERVICER_PORTAL
L001372,26332.64,CURRENT,0,2026-07-15,2026-08-19,PNC Bank,INCOMPLETE,SERVICER_PORTAL
L000180,0.00,CLOSED,0,2026-07-22,2026-07-29,US Bank,COMPLETE,SERVICER_PORTAL
L001924,149138.40,CURRENT,0,2026-08-08,2026-08-22,Wells Fargo,COMPLETE,SERVICER_PORTAL
L001649,303025.79,DELINQUENT,40,2026-08-04,2026-08-12,Bank of America,INCOMPLETE,SERVICER_PORTAL
L001926,175931.14,CURRENT,0,2026-07-21,2026-08-07,PNC Bank,COMPLETE,SERVICER_PORTAL
L000173,317601.17,CURRENT,0,2026-08-10,2026-08-15,JPMorgan Chase,COMPLETE,SERVICER_PORTAL
L001624,191949.95,DEFAULT,137,2026-07-11,2026-08-22,Bank of America,COMPLETE,SERVICER_PORTAL
L001520,118395.68,CURRENT,0,2026-07-25,2026-08-01,PNC Bank,COMPLETE,SERVICER_PORTAL
L000184,0.00,PAID_OFF,0,2026-08-19,2026-08-12,Freedom Mortgage,INCOMPLETE,SERVICER_PORTAL
L000866,315875.60,CURRENT,0,2026-08-05,2026-08-01,Quicken Loans,INCOMPLETE,SERVICER_PORTAL
L001384,62869.05,CURRENT,0,2026-06-30,2026-08-20,Freedom Mortgage,INCOMPLETE,SERVICER_PORTAL
L000384,42166.07,CURRENT,0,2026-07-20,2026-08-05,PNC Bank,COMPLETE,SERVICER_PORTAL
L000365,0.00,CLOSED,0,2026-08-20,2026-08-11,Wells Fargo,INCOMPLETE,SERVICER_PORTAL
L000069,226810.72,CURRENT,0,2026-08-15,2026-08-13,US Bank,COMPLETE,SERVICER_PORTAL
L001714,156989.97,DELINQUENT,85,2026-08-10,2026-08-14,Wells Fargo,COMPLETE,SERVICER_PORTAL
L001451,187258.73,CURRENT,0,2026-08-15,2026-08-11,Wells Fargo,COMPLETE,SERVICER_PORTAL
L000804,12724.81,CLOSED,311,2026-08-17,2026-08-19,Quicken Loans,COMPLETE,SERVICER_PORTAL
L001761,556744.21,CURRENT,0,2026-07-12,2026-08-07,Quicken Loans,COMPLETE,SERVICER_PORTAL
L001343,159218.42,CURRENT,0,2026-07-19,2026-08-17,PNC Bank,COMPLETE,SERVICER_PORTAL
L001482,555282.72,CURRENT,0,2026-08-17,2026-08-07,Quicken Loans,INCOMPLETE,SERVICER_PORTAL
L001383,0.00,PAID_OFF,0,2026-07-07,2026-08-05,US Bank,COMPLETE,SERVICER_PORTAL
L000668,211759.83,DELINQUENT,41,2026-06-27,2026-08-10,US Bank,COMPLETE,SERVICER_PORTAL
L001229,115792.12,CURRENT,0,2026-07-13,2026-07-29,PNC Bank,COMPLETE,SERVICER_PORTAL
L000182,410876.60,CURRENT,0,2026-08-04,2026-08-19,Wells Fargo,MISSING,SERVICER_PORTAL
L000094,391325.53,CURRENT,0,2026-08-02,2026-08-22,Bank of America,INCOMPLETE,SERVICER_PORTAL
L000008,334660.81,CURRENT,0,2026-07-26,2026-08-24,PNC Bank,COMPLETE,SERVICER_PORTAL
L001473,572522.30,CURRENT,0,2026-08-10,2026-08-17,PNC Bank,INCOMPLETE,SERVICER_PORTAL
L000567,0.00,CURRENT,45,2026-08-16,2026-08-02,Bank of America,COMPLETE,SERVICER_PORTAL
L001716,146876.21,CURRENT,0,2026-07-06,2026-07-26,Freedom Mortgage,COMPLETE,SERVICER_PORTAL
L000516,103373.73,CURRENT,0,2026-06-26,2026-08-05,Bank of America,COMPLETE,SERVICER_PORTAL
L000390,33747.51,CURRENT,0,2026-07-21,2026-08-02,Quicken Loans,COMPLETE,SERVICER_PORTAL
L000809,131698.45,CURRENT,0,2026-07-20,2026-08-02,Freedom Mortgage,COMPLETE,SERVICER_PORTAL
L001859,61232.99,DEFAULT,310,2026-08-06,2026-08-24,Bank of America,COMPLETE,SERVICER_PORTAL
L001803,467612.62,CURRENT,0,2026-07-21,2026-08-03,Freedom Mortgage,COMPLETE,SERVICER_PORTAL
L000443,158044.41,CURRENT,0,2026-06-28,2026-08-18,Quicken Loans,COMPLETE,SERVICER_PORTAL
L000806,333135.37,CURRENT,0,2026-08-01,2026-08-01,PNC Bank,COMPLETE,SERVICER_PORTAL
L000548,400330.20,CURRENT,0,2026-08-07,2026-08-05,Bank of America,COMPLETE,SERVICER_PORTAL
L000596,26705.84,CURRENT,0,2026-07-31,2026-08-24,Freedom Mortgage,COMPLETE,SERVICER_PORTAL
L001856,241578.36,CURRENT,0,2026-07-15,2026-08-23,JPMorgan Chase,COMPLETE,SERVICER_PORTAL
L000432,154682.50,CURRENT,0,2026-07-04,2026-08-24,Freedom Mortgage,COMPLETE,SERVICER_PORTAL
L001694,87572.85,CURRENT,0,2026-07-16,2026-08-04,Quicken Loans,COMPLETE,SERVICER_PORTAL
L000330,398369.96,DELINQUENT,52,2026-07-24,2026-08-02,Wells Fargo,INCOMPLETE,SERVICER_PORTAL
L001539,113017.25,CURRENT,0,2026-07-29,2026-08-15,PNC Bank,COMPLETE,SERVICER_PORTAL
L001599,78228.26,CURRENT,0,2026-08-19,2026-07-26,Quicken Loans,COMPLETE,SERVICER_PORTAL
L001157,119160.18,CURRENT,0,2026-08-10,2026-08-22,Wells Fargo,COMPLETE,SERVICER_PORTAL
L001662,315240.86,CURRENT,0,2026-07-27,2026-08-19,PNC Bank,COMPLETE,SERVICER_PORTAL
L001633,0.00,CLOSED,0,2026-07-10,2026-08-15,Wells Fargo,COMPLETE,SERVICER_PORTAL
L000859,353340.70,CURRENT,0,2026-08-12,2026-07-28,Bank of America,COMPLETE,SERVICER_PORTAL
L001209,44892.59,CURRENT,0,2026-07-19,2026-08-13,Freedom Mortgage,COMPLETE,SERVICER_PORTAL
L000191,34983.59,CURRENT,0,2026-07-26,2026-08-13,JPMorgan Chase,COMPLETE,SERVICER_PORTAL
L000519,0.00,CLOSED,0,2026-07-10,2026-08-17,Quicken Loans,COMPLETE,SERVICER_PORTAL
L000302,105001.47,CURRENT,0,2026-07-14,2026-08-14,Wells Fargo,INCOMPLETE,SERVICER_PORTAL
L000321,204775.37,DELINQUENT,40,2026-07-25,2026-07-26,PNC Bank,MISSING,SERVICER_PORTAL
L001418,177458.68,CURRENT,0,2026-07-31,2026-08-10,JPMorgan Chase,COMPLETE,SERVICER_PORTAL
L001562,0.00,PAID_OFF,0,2026-07-16,2026-07-30,PNC Bank,COMPLETE,SERVICER_PORTAL
L001958,0.00,CLOSED,0,2026-07-04,2026-08-20,Bank of America,COMPLETE,SERVICER_PORTAL
L000016,310797.22,CURRENT,0,2026-07-30,2026-07-29,PNC Bank,COMPLETE,SERVICER_PORTAL
L001298,160668.18,DELINQUENT,84,2026-07-22,2026-07-30,US Bank,INCOMPLETE,SERVICER_PORTAL
L000116,33766.52,CURRENT,0,2026-07-09,2026-08-09,Freedom Mortgage,COMPLETE,SERVICER_PORTAL
L000952,361818.51,CURRENT,0,2026-08-10,2026-07-28,Quicken Loans,COMPLETE,SERVICER_PORTAL
L001293,392102.05,CURRENT,0,2026-08-09,2026-08-05,Bank of America,COMPLETE,SERVICER_PORTAL
L000308,250100.50,DELINQUENT,79,2026-07-24,2026-08-14,JPMorgan Chase,COMPLETE,SERVICER_PORTAL
L000340,0.00,PAID_OFF,0,2026-07-20,2026-08-16,PNC Bank,INCOMPLETE,SERVICER_PORTAL
L001898,309397.31,CURRENT,0,2026-07-15,2026-08-05,Wells Fargo,COMPLETE,SERVICER_PORTAL
L000818,0.00,PAID_OFF,0,2026-07-09,2026-08-08,Bank of America,COMPLETE,SERVICER_PORTAL
L001475,102338.38,DELINQUENT,77,2026-08-17,2026-08-07,Bank of America,COMPLETE,SERVICER_PORTAL
L001027,230827.27,CURRENT,0,2026-07-06,2026-08-22,JPMorgan Chase,COMPLETE,SERVICER_PORTAL
L000491,210549.88,DELINQUENT,52,2026-07-04,2026-08-14,Quicken Loans,INCOMPLETE,SERVICER_PORTAL
L000655,285693.84,CURRENT,0,2026-07-07,2026-08-07,Bank of America,COMPLETE,SERVICER_PORTAL
L000322,276150.34,CURRENT,0,2026-07-08,2026-08-05,Freedom Mortgage,COMPLETE,SERVICER_PORTAL
L000948,354682.02,CURRENT,0,2026-07-30,2026-08-19,US Bank,COMPLETE,SERVICER_PORTAL
L001044,323260.15,CURRENT,0,2026-08-12,2026-08-01,Quicken Loans,COMPLETE,SERVICER_PORTAL
L000097,465539.03,CURRENT,0,2026-08-17,2026-08-08,Bank of America,COMPLETE,SERVICER_PORTAL
L001743,442208.28,CURRENT,0,2026-08-05,2026-08-18,Bank of America,INCOMPLETE,SERVICER_PORTAL
L001289,80427.37,CURRENT,0,2026-07-18,2026-08-05,Quicken Loans,COMPLETE,SERVICER_PORTAL
L001041,525162.29,CURRENT,0,2026-08-11,2026-08-08,JPMorgan Chase,COMPLETE,SERVICER_PORTAL
L000916,343100.25,CURRENT,0,2026-07-13,2026-07-27,Freedom Mortgage,COMPLETE,SERVICER_PORTAL
L001120,208281.27,DEFAULT,163,2026-07-19,2026-08-23,Bank of America,COMPLETE,SERVICER_PORTAL
L000656,130667.23,CURRENT,0,2026-08-16,2026-08-09,Wells Fargo,INCOMPLETE,SERVICER_PORTAL
L001374,165461.68,CURRENT,0,2026-08-17,2026-08-17,JPMorgan Chase,MISSING,SERVICER_PORTAL
L000990,281987.15,CURRENT,0,2026-07-08,2026-08-17,Wells Fargo,COMPLETE,SERVICER_PORTAL
L000218,229815.34,CURRENT,0,2026-08-02,2026-08-22,US Bank,COMPLETE,SERVICER_PORTAL
L001829,66249.62,CURRENT,0,2026-07-10,2026-07-30,Freedom Mortgage,COMPLETE,SERVICER_PORTAL
L001237,255981.69,CURRENT,0,2026-07-08,2026-08-24,PNC Bank,COMPLETE,SERVICER_PORTAL
L000449,299542.31,CURRENT,0,2026-08-06,2026-08-09,US Bank,COMPLETE,SERVICER_PORTAL
L000387,83743.85,DELINQUENT,82,2026-07-08,2026-07-26,Wells Fargo,COMPLETE,SERVICER_PORTAL
L001110,244146.69,CURRENT,0,2026-07-25,2026-08-09,PNC Bank,MISSING,SERVICER_PORTAL
L001543,0.00,PAID_OFF,0,2026-07-20,2026-08-10,Freedom Mortgage,COMPLETE,SERVICER_PORTAL
L000765,253251.10,CURRENT,0,2026-07-25,2026-08-14,Freedom Mortgage,MISSING,SERVICER_PORTAL
L000448,65431.79,CURRENT,0,2026-07-29,2026-08-13,Bank of America,COMPLETE,SERVICER_PORTAL
L000081,227954.96,CURRENT,0,2026-08-07,2026-08-16,US Bank,COMPLETE,SERVICER_PORTAL
L000030,255157.42,DEFAULT,174,2026-06-26,2026-08-02,Bank of America,COMPLETE,SERVICER_PORTAL
L000090,192024.03,CURRENT,0,2026-07-05,2026-08-21,Wells Fargo,INCOMPLETE,SERVICER_PORTAL
L001839,76209.62,CURRENT,0,2026-07-12,2026-08-18,US Bank,COMPLETE,SERVICER_PORTAL
L001986,325640.29,CURRENT,0,2026-06-29,2026-08-23,US Bank,COMPLETE,SERVICER_PORTAL
L000123,128112.06,DEFAULT,214,2026-08-08,2026-08-02,JPMorgan Chase,COMPLETE,SERVICER_PORTAL
L001368,134334.14,CURRENT,0,2026-08-15,2026-08-18,Bank of America,COMPLETE,SERVICER_PORTAL
L000869,98043.26,CURRENT,0,2026-08-01,2026-08-04,US Bank,COMPLETE,SERVICER_PORTAL
L000435,215049.20,CURRENT,0,2026-08-19,2026-08-10,Wells Fargo,COMPLETE,SERVICER_PORTAL
L001303,0.00,CLOSED,0,2026-07-24,2026-08-20,Freedom Mortgage,COMPLETE,SERVICER_PORTAL
L000288,0.00,PAID_OFF,0,2026-07-23,2026-08-15,PNC Bank,COMPLETE,SERVICER_PORTAL
L000702,633963.35,CURRENT,0,2026-08-13,2026-08-01,Freedom Mortgage,COMPLETE,SERVICER_PORTAL
L001056,162233.98,DELINQUENT,82,2026-07-21,2026-08-11,JPMorgan Chase,COMPLETE,SERVICER_PORTAL
L001501,35213.59,CURRENT,0,2026-07-25,2026-08-15,US Bank,MISSING,SERVICER_PORTAL
L001770,174392.50,DELINQUENT,35,2026-08-04,2026-08-03,JPMorgan Chase,COMPLETE,SERVICER_PORTAL
L000871,534380.57,CURRENT,0,2026-07-14,2026-08-10,JPMorgan Chase,COMPLETE,SERVICER_PORTAL
L001326,120526.17,DEFAULT,331,2026-08-17,2026-08-11,US Bank,COMPLETE,SERVICER_PORTAL
L001993,0.00,PAID_OFF,0,2026-08-10,2026-08-13,JPMorgan Chase,COMPLETE,SERVICER_PORTAL
L001810,165553.59,CURRENT,0,2026-07-04,2026-07-30,Freedom Mortgage,MISSING,SERVICER_PORTAL
L000679,106555.33,DELINQUENT,34,2026-08-07,2026-08-10,Quicken Loans,COMPLETE,SERVICER_PORTAL
L000582,212363.43,CURRENT,0,2026-07-17,2026-08-19,US Bank,COMPLETE,SERVICER_PORTAL
L000827,477132.56,CURRENT,0,2026-07-16,2026-08-05,Wells Fargo,COMPLETE,SERVICER_PORTAL
L000760,38312.44,CURRENT,0,2026-07-06,2026-08-06,Bank of America,INCOMPLETE,SERVICER_PORTAL
L001133,164420.94,CURRENT,0,2026-08-15,2026-08-12,PNC Bank,COMPLETE,SERVICER_PORTAL
L000849,103154.96,DELINQUENT,83,2026-08-16,2026-08-01,PNC Bank,COMPLETE,SERVICER_PORTAL
L000247,93918.92,DELINQUENT,44,2026-06-28,2026-07-29,Quicken Loans,COMPLETE,SERVICER_PORTAL
L000984,0.00,CLOSED,0,2026-08-01,2026-08-11,Bank of America,COMPLETE,SERVICER_PORTAL
L000341,400809.74,CURRENT,0,2026-06-29,2026-08-06,Wells Fargo,COMPLETE,SERVICER_PORTAL
L001136,80826.59,CURRENT,0,2026-07-28,2026-08-19,Bank of America,INCOMPLETE,SERVICER_PORTAL
L001352,106925.83,CURRENT,0,2026-06-27,2026-08-01,US Bank,COMPLETE,SERVICER_PORTAL
L000634,415021.04,CURRENT,0,2026-07-30,2026-08-16,Quicken Loans,INCOMPLETE,SERVICER_PORTAL
L001959,94417.22,CURRENT,0,2026-07-19,2026-08-06,Quicken Loans,COMPLETE,SERVICER_PORTAL
L001344,73458.57,CURRENT,0,2026-07-29,2026-07-31,Wells Fargo,COMPLETE,SERVICER_PORTAL
L000057,262559.63,CURRENT,0,2026-07-27,2026-08-10,Wells Fargo,COMPLETE,SERVICER_PORTAL
L000496,0.00,PAID_OFF,0,2026-07-03,2026-08-17,Quicken Loans,COMPLETE,SERVICER_PORTAL
L000594,338241.62,CURRENT,0,2026-07-30,2026-07-27,Wells Fargo,COMPLETE,SERVICER_PORTAL
L000563,189942.31,CURRENT,0,2026-07-07,2026-08-24,Wells Fargo,COMPLETE,SERVICER_PORTAL
L001652,23694.96,CURRENT,0,2026-08-16,2026-08-10,Quicken Loans,INCOMPLETE,SERVICER_PORTAL
L000865,134965.61,CURRENT,0,2026-07-11,2026-08-09,JPMorgan Chase,COMPLETE,SERVICER_PORTAL
L001311,191609.95,DELINQUENT,73,2026-08-18,2026-08-03,JPMorgan Chase,COMPLETE,SERVICER_PORTAL
L000445,55507.10,CURRENT,0,2026-07-09,2026-08-15,Wells Fargo,COMPLETE,SERVICER_PORTAL
L000453,160346.88,CURRENT,0,2026-08-12,2026-07-30,PNC Bank,COMPLETE,SERVICER_PORTAL
L000378,405705.04,DELINQUENT,79,2026-08-03,2026-08-13,Quicken Loans,COMPLETE,SERVICER_PORTAL
L001462,259390.19,CURRENT,0,2026-07-29,2026-08-15,PNC Bank,COMPLETE,SERVICER_PORTAL
L000589,302240.04,CURRENT,0,2026-07-09,2026-07-28,JPMorgan Chase,INCOMPLETE,SERVICER_PORTAL
L001687,157083.37,DELINQUENT,53,2026-07-03,2026-08-12,Quicken Loans,COMPLETE,SERVICER_PORTAL
L000778,37320.45,CURRENT,0,2026-08-15,2026-08-13,PNC Bank,COMPLETE,SERVICER_PORTAL
L000726,579478.53,CURRENT,0,2026-07-26,2026-08-08,US Bank,COMPLETE,SERVICER_PORTAL
L001333,380847.99,DEFAULT,285,2026-07-22,2026-08-21,PNC Bank,COMPLETE,SERVICER_PORTAL
L001622,175068.26,CURRENT,0,2026-07-08,2026-08-11,Wells Fargo,INCOMPLETE,SERVICER_PORTAL
L001563,208988.58,CURRENT,0,2026-07-14,2026-07-27,Bank of America,MISSING,SERVICER_PORTAL
L001377,69559.50,CURRENT,0,2026-07-25,2026-07-26,PNC Bank,COMPLETE,SERVICER_PORTAL
L001772,436472.64,CURRENT,0,2026-07-11,2026-08-24,Bank of America,COMPLETE,SERVICER_PORTAL
L001085,178365.61,DELINQUENT,70,2026-08-13,2026-08-02,Quicken Loans,COMPLETE,SERVICER_PORTAL
L000585,200440.60,CURRENT,0,2026-08-06,2026-08-18,US Bank,COMPLETE,SERVICER_PORTAL
L001692,24139.81,DELINQUENT,69,2026-08-09,2026-08-20,Bank of America,INCOMPLETE,SERVICER_PORTAL
L001585,169844.28,DELINQUENT,66,2026-07-19,2026-08-20,Bank of America,COMPLETE,SERVICER_PORTAL
L000134,294698.31,CURRENT,0,2026-07-14,2026-08-20,Wells Fargo,MISSING,SERVICER_PORTAL
L000686,174914.64,CURRENT,0,2026-07-24,2026-07-27,US Bank,COMPLETE,SERVICER_PORTAL
L000609,141786.41,CURRENT,0,2026-08-01,2026-08-07,Freedom Mortgage,COMPLETE,SERVICER_PORTAL
L001845,194811.23,DEFAULT,326,2026-07-14,2026-08-09,US Bank,COMPLETE,SERVICER_PORTAL
L000844,444062.71,DELINQUENT,79,2026-07-03,2026-07-29,US Bank,COMPLETE,SERVICER_PORTAL
L001510,542628.97,DELINQUENT,78,2026-07-04,2026-08-18,Wells Fargo,COMPLETE,SERVICER_PORTAL
L000413,339442.28,CURRENT,0,2026-08-17,2026-08-13,JPMorgan Chase,COMPLETE,SERVICER_PORTAL
L000683,110433.92,CURRENT,0,2026-07-06,2026-08-18,Quicken Loans,COMPLETE,SERVICER_PORTAL
L000248,138512.35,CURRENT,0,2026-08-09,2026-08-19,Freedom Mortgage,COMPLETE,SERVICER_PORTAL
L000956,312015.27,CURRENT,0,2026-08-15,2026-08-11,Bank of America,COMPLETE,SERVICER_PORTAL
L000642,159887.16,DEFAULT,220,2026-08-13,2026-08-20,Quicken Loans,COMPLETE,SERVICER_PORTAL
L001016,52703.32,DELINQUENT,86,2026-07-06,2026-07-31,Wells Fargo,COMPLETE,SERVICER_PORTAL
L000419,183845.56,CURRENT,0,2026-08-14,2026-07-31,US Bank,COMPLETE,SERVICER_PORTAL
L000644,462862.09,CURRENT,0,2026-06-26,2026-08-11,JPMorgan Chase,COMPLETE,SERVICER_PORTAL
L001554,0.00,PAID_OFF,0,2026-08-19,2026-07-29,US Bank,COMPLETE,SERVICER_PORTAL
L000140,0.00,CLOSED,0,2026-06-30,2026-08-12,Wells Fargo,COMPLETE,SERVICER_PORTAL
L001682,0.00,PAID_OFF,0,2026-08-08,2026-08-24,Quicken Loans,COMPLETE,SERVICER_PORTAL
L001057,201563.71,CURRENT,0,2026-08-07,2026-08-04,PNC Bank,COMPLETE,SERVICER_PORTAL
L000753,303814.74,CURRENT,0,2026-07-26,2026-08-05,PNC Bank,COMPLETE,SERVICER_PORTAL
L000222,200255.47,DEFAULT,148,2026-07-18,2026-08-15,Freedom Mortgage,COMPLETE,SERVICER_PORTAL
L001620,91981.77,CURRENT,0,2026-08-20,2026-07-29,PNC Bank,COMPLETE,SERVICER_PORTAL
L001498,89129.00,CURRENT,0,2026-08-10,2026-08-09,JPMorgan Chase,COMPLETE,SERVICER_PORTAL
L001026,256404.55,CURRENT,0,2026-08-01,2026-07-31,US Bank,COMPLETE,SERVICER_PORTAL
L000813,183925.29,CURRENT,0,2026-06-26,2026-08-02,Quicken Loans,COMPLETE,SERVICER_PORTAL
L001170,23782.62,CURRENT,0,2026-08-12,2026-08-03,PNC Bank,COMPLETE,SERVICER_PORTAL
L001386,21209.95,DEFAULT,201,2026-07-25,2026-08-22,Wells Fargo,COMPLETE,SERVICER_PORTAL
L000794,435844.12,CURRENT,0,2026-08-11,2026-08-24,JPMorgan Chase,INCOMPLETE,SERVICER_PORTAL
L000737,373499.88,CURRENT,0,2026-07-08,2026-07-29,Quicken Loans,INCOMPLETE,SERVICER_PORTAL
L001446,0.00,PAID_OFF,0,2026-07-05,2026-08-06,Bank of America,COMPLETE,SERVICER_PORTAL
L001681,334680.79,CURRENT,0,2026-08-12,2026-08-03,Wells Fargo,COMPLETE,SERVICER_PORTAL
L001164,212700.12,CURRENT,0,2026-07-10,2026-08-03,Freedom Mortgage,COMPLETE,SERVICER_PORTAL
L000742,163853.13,DELINQUENT,34,2026-07-10,2026-07-26,JPMorgan Chase,COMPLETE,SERVICER_PORTAL
L001192,193571.79,DELINQUENT,68,2026-07-20,2026-07-30,US Bank,COMPLETE,SERVICER_PORTAL
L000839,153830.13,DELINQUENT,75,2026-07-11,2026-08-12,Quicken Loans,COMPLETE,SERVICER_PORTAL
L000672,199593.26,DELINQUENT,84,2026-07-10,2026-08-01,US Bank,COMPLETE,SERVICER_PORTAL
L001623,0.00,PAID_OFF,0,2026-08-16,2026-08-04,JPMorgan Chase,COMPLETE,SERVICER_PORTAL
L000846,119135.88,CURRENT,0,2026-07-31,2026-08-06,US Bank,COMPLETE,SERVICER_PORTAL
L000026,0.00,PAID_OFF,0,2026-08-08,2026-08-03,Quicken Loans,COMPLETE,SERVICER_PORTAL
L000086,36979.93,CURRENT,0,2026-07-09,2026-08-03,US Bank,COMPLETE,SERVICER_PORTAL
L001614,507118.87,CURRENT,0,2026-06-28,2026-08-17,Quicken Loans,COMPLETE,SERVICER_PORTAL
L001316,325654.15,CURRENT,0,2026-07-07,2026-08-18,PNC Bank,COMPLETE,SERVICER_PORTAL
L001581,96118.98,DELINQUENT,50,2026-08-11,2026-08-02,Bank of America,COMPLETE,SERVICER_PORTAL
L000470,497872.21,DEFAULT,207,2026-07-07,2026-08-10,PNC Bank,COMPLETE,SERVICER_PORTAL
L001449,0.00,PAID_OFF,0,2026-08-14,2026-08-06,PNC Bank,COMPLETE,SERVICER_PORTAL
L000450,203996.69,CURRENT,0,2026-06-28,2026-07-30,PNC Bank,COMPLETE,SERVICER_PORTAL
L000919,412524.22,CURRENT,0,2026-07-19,2026-08-10,US Bank,COMPLETE,SERVICER_PORTAL
L001529,101428.64,CURRENT,0,2026-08-12,2026-08-02,Freedom Mortgage,COMPLETE,SERVICER_PORTAL
L000646,187318.55,CURRENT,0,2026-08-02,2026-07-28,Freedom Mortgage,COMPLETE,SERVICER_PORTAL
L000315,20496.07,CURRENT,0,2026-07-13,2026-08-22,US Bank,COMPLETE,SERVICER_PORTAL
L000375,0.00,PAID_OFF,0,2026-07-13,2026-08-08,JPMorgan Chase,COMPLETE,SERVICER_PORTAL
L001940,14563.46,CLOSED,0,2026-08-20,2026-07-26,PNC Bank,COMPLETE,SERVICER_PORTAL
L000812,0.00,CLOSED,0,2026-07-14,2026-08-10,Quicken Loans,COMPLETE,SERVICER_PORTAL
L001514,54976.28,CURRENT,0,2026-08-15,2026-08-17,Quicken Loans,COMPLETE,SERVICER_PORTAL
L000559,0.00,CLOSED,0,2026-07-29,2026-08-10,Quicken Loans,INCOMPLETE,SERVICER_PORTAL
L001059,84777.65,CURRENT,0,2026-08-10,2026-08-20,PNC Bank,MISSING,SERVICER_PORTAL
L000526,0.00,PAID_OFF,0,2026-08-14,2026-07-29,US Bank,COMPLETE,SERVICER_PORTAL
L001310,59527.17,CURRENT,0,2026-07-06,2026-07-26,US Bank,COMPLETE,SERVICER_PORTAL
L000287,0.00,PAID_OFF,0,2026-06-27,2026-08-20,US Bank,COMPLETE,SERVICER_PORTAL
L000181,345298.87,CURRENT,0,2026-07-14,2026-07-31,Bank of America,COMPLETE,SERVICER_PORTAL
L000018,398860.68,CURRENT,0,2026-06-29,2026-08-16,PNC Bank,INCOMPLETE,SERVICER_PORTAL
L001158,0.00,CLOSED,0,2026-06-28,2026-07-30,Quicken Loans,INCOMPLETE,SERVICER_PORTAL
L000329,452044.65,CURRENT,0,2026-08-05,2026-07-26,US Bank,COMPLETE,SERVICER_PORTAL
L001754,0.00,PAID_OFF,0,2026-07-11,2026-08-14,Wells Fargo,COMPLETE,SERVICER_PORTAL
L001963,0.00,CLOSED,0,2026-08-18,2026-08-02,US Bank,INCOMPLETE,SERVICER_PORTAL
L000669,129906.49,CURRENT,0,2026-07-13,2026-08-13,PNC Bank,COMPLETE,SERVICER_PORTAL
L000190,570050.09,DELINQUENT,45,2026-08-08,2026-08-20,JPMorgan Chase,COMPLETE,SERVICER_PORTAL
L001504,0.00,PAID_OFF,0,2026-07-04,2026-07-30,Freedom Mortgage,COMPLETE,SERVICER_PORTAL
L000545,201065.37,CURRENT,0,2026-07-14,2026-07-31,JPMorgan Chase,COMPLETE,SERVICER_PORTAL
L000695,187742.79,CURRENT,0,2026-08-13,2026-08-06,Freedom Mortgage,COMPLETE,SERVICER_PORTAL
L000725,35370.91,CURRENT,45,2026-07-22,2026-08-24,Quicken Loans,COMPLETE,SERVICER_PORTAL
L000985,540152.00,CURRENT,0,2026-07-31,2026-08-03,JPMorgan Chase,COMPLETE,SERVICER_PORTAL
L001208,37603.77,DEFAULT,280,2026-07-20,2026-08-07,Wells Fargo,MISSING,SERVICER_PORTAL
L001787,388505.73,DELINQUENT,70,2026-08-20,2026-08-03,JPMorgan Chase,COMPLETE,SERVICER_PORTAL
L000757,275109.63,CURRENT,0,2026-08-06,2026-07-26,PNC Bank,COMPLETE,SERVICER_PORTAL
L001480,155891.16,CURRENT,0,2026-07-16,2026-08-21,Wells Fargo,COMPLETE,SERVICER_PORTAL
L000407,604129.51,CURRENT,0,2026-07-15,2026-08-05,Quicken Loans,COMPLETE,SERVICER_PORTAL
L000931,117615.77,CURRENT,0,2026-08-06,2026-08-10,JPMorgan Chase,MISSING,SERVICER_PORTAL
L001318,0.00,PAID_OFF,0,2026-07-23,2026-08-17,Bank of America,COMPLETE,SERVICER_PORTAL
L000268,228607.43,CURRENT,0,2026-07-27,2026-08-13,Quicken Loans,COMPLETE,SERVICER_PORTAL
L000472,182012.54,CURRENT,0,2026-08-14,2026-08-06,PNC Bank,COMPLETE,SERVICER_PORTAL
L000995,136997.47,DELINQUENT,61,2026-07-09,2026-07-28,Bank of America,COMPLETE,SERVICER_PORTAL
L000815,175910.78,CURRENT,0,2026-06-26,2026-07-28,JPMorgan Chase,COMPLETE,SERVICER_PORTAL
L001744,99234.36,CURRENT,0,2026-08-18,2026-08-14,Bank of America,COMPLETE,SERVICER_PORTAL
L000093,250370.70,DELINQUENT,65,2026-07-13,2026-08-17,Wells Fargo,COMPLETE,SERVICER_PORTAL
L000561,109514.27,CURRENT,0,2026-08-20,2026-08-06,PNC Bank,MISSING,SERVICER_PORTAL
L001914,502055.36,CURRENT,0,2026-07-24,2026-07-27,US Bank,COMPLETE,SERVICER_PORTAL
L001742,0.00,PAID_OFF,0,2026-08-05,2026-08-02,PNC Bank,COMPLETE,SERVICER_PORTAL
L000295,421774.84,CURRENT,0,2026-07-19,2026-08-11,US Bank,COMPLETE,SERVICER_PORTAL
L000882,266794.43,CURRENT,0,2026-07-30,2026-08-18,Wells Fargo,COMPLETE,SERVICER_PORTAL
L000630,0.00,PAID_OFF,0,2026-08-09,2026-08-11,Freedom Mortgage,INCOMPLETE,SERVICER_PORTAL
L000440,42449.71,CURRENT,0,2026-08-03,2026-08-09,Freedom Mortgage,COMPLETE,SERVICER_PORTAL
L000118,0.00,PAID_OFF,0,2026-08-18,2026-08-06,Bank of America,COMPLETE,SERVICER_PORTAL
L000380,52837.44,DEFAULT,232,2026-06-27,2026-08-22,Freedom Mortgage,COMPLETE,SERVICER_PORTAL
L001935,14679.05,DELINQUENT,37,2026-07-31,2026-08-05,Freedom Mortgage,COMPLETE,SERVICER_PORTAL
L000969,327651.07,DELINQUENT,54,2026-08-18,2026-08-24,Wells Fargo,INCOMPLETE,SERVICER_PORTAL
L000095,0.00,PAID_OFF,0,2026-08-18,2026-08-10,JPMorgan Chase,COMPLETE,SERVICER_PORTAL
L001809,536928.54,CURRENT,0,2026-08-04,2026-08-12,Quicken Loans,INCOMPLETE,SERVICER_PORTAL
L000159,203306.07,DELINQUENT,83,2026-07-11,2026-08-15,PNC Bank,COMPLETE,SERVICER_PORTAL
L001755,0.00,CLOSED,0,2026-07-26,2026-07-31,US Bank,COMPLETE,SERVICER_PORTAL
L001625,0.00,CLOSED,0,2026-08-18,2026-08-07,US Bank,COMPLETE,SERVICER_PORTAL
L000999,0.00,PENDING,0,2026-07-15,2026-08-08,Bank of America,MISSING,SERVICER_PORTAL
L000318,81487.25,CURRENT,0,2026-08-16,2026-08-08,JPMorgan Chase,COMPLETE,SERVICER_PORTAL
L000368,364970.94,CURRENT,0,2026-08-20,2026-08-13,Bank of America,COMPLETE,SERVICER_PORTAL
L001214,141632.34,CURRENT,0,2026-07-11,2026-08-16,PNC Bank,COMPLETE,SERVICER_PORTAL
L001149,92429.65,CURRENT,0,2026-07-11,2026-08-22,Wells Fargo,COMPLETE,SERVICER_PORTAL
L000293,148695.47,DELINQUENT,76,2026-07-10,2026-08-23,JPMorgan Chase,COMPLETE,SERVICER_PORTAL
L000250,56531.17,DEFAULT,334,2026-06-26,2026-08-01,Wells Fargo,COMPLETE,SERVICER_PORTAL
L000034,222528.03,DELINQUENT,34,2026-07-15,2026-08-15,Wells Fargo,INCOMPLETE,SERVICER_PORTAL
L001274,22213.96,CURRENT,0,2026-07-23,2026-08-05,US Bank,COMPLETE,SERVICER_PORTAL
L001601,0.00,PAID_OFF,0,2026-07-05,2026-08-03,JPMorgan Chase,COMPLETE,SERVICER_PORTAL
L000412,184518.08,CURRENT,0,2026-07-16,2026-08-07,PNC Bank,COMPLETE,SERVICER_PORTAL
L000743,0.00,PAID_OFF,0,2026-07-22,2026-08-12,Freedom Mortgage,COMPLETE,SERVICER_PORTAL
L001312,0.00,PAID_OFF,0,2026-07-27,2026-07-29,JPMorgan Chase,INCOMPLETE,SERVICER_PORTAL
L001556,0.00,PAID_OFF,0,2026-07-31,2026-07-27,Freedom Mortgage,COMPLETE,SERVICER_PORTAL
L000305,30271.87,DEFAULT,249,2026-06-28,2026-08-15,Wells Fargo,COMPLETE,SERVICER_PORTAL
L000639,130149.03,CURRENT,0,2026-06-29,2026-08-09,US Bank,COMPLETE,SERVICER_PORTAL
L001379,120145.21,CURRENT,0,2026-08-02,2026-08-03,PNC Bank,COMPLETE,SERVICER_PORTAL
L000391,309117.56,CURRENT,0,2026-08-14,2026-08-08,JPMorgan Chase,COMPLETE,SERVICER_PORTAL
L001246,432500.96,DELINQUENT,35,2026-07-03,2026-08-06,PNC Bank,COMPLETE,SERVICER_PORTAL
L000313,356219.55,CURRENT,0,2026-07-08,2026-07-29,Quicken Loans,COMPLETE,SERVICER_PORTAL
L000342,26213.51,CURRENT,0,2026-07-03,2026-08-12,JPMorgan Chase,COMPLETE,SERVICER_PORTAL
L001962,109330.63,CURRENT,0,2026-07-21,2026-08-21,Bank of America,MISSING,SERVICER_PORTAL
L001944,332868.30,CURRENT,0,2026-07-16,2026-08-14,Wells Fargo,COMPLETE,SERVICER_PORTAL
L000759,149096.16,CURRENT,0,2026-08-14,2026-08-22,Freedom Mortgage,COMPLETE,SERVICER_PORTAL
L000068,421095.22,DELINQUENT,72,2026-07-30,2026-08-10,Freedom Mortgage,COMPLETE,SERVICER_PORTAL
L000179,226763.95,CURRENT,0,2026-07-20,2026-08-22,US Bank,COMPLETE,SERVICER_PORTAL
L001471,314023.20,DELINQUENT,43,2026-06-26,2026-07-29,PNC Bank,COMPLETE,SERVICER_PORTAL
L001878,275836.27,CURRENT,0,2026-07-03,2026-08-23,Freedom Mortgage,COMPLETE,SERVICER_PORTAL
L001371,453048.55,CURRENT,0,2026-07-18,2026-08-10,Bank of America,INCOMPLETE,SERVICER_PORTAL
L000627,65550.24,DELINQUENT,69,2026-07-29,2026-08-08,US Bank,COMPLETE,SERVICER_PORTAL
L001167,117634.50,CURRENT,0,2026-07-08,2026-07-29,Wells Fargo,COMPLETE,SERVICER_PORTAL
L000810,79902.60,CURRENT,0,2026-07-23,2026-08-09,US Bank,COMPLETE,SERVICER_PORTAL
L000273,0.00,CLOSED,0,2026-07-10,2026-08-19,Bank of America,COMPLETE,SERVICER_PORTAL
L001144,46136.59,CURRENT,0,2026-08-09,2026-08-12,Bank of America,COMPLETE,SERVICER_PORTAL
L000535,225898.79,CURRENT,0,2026-08-16,2026-08-18,Quicken Loans,COMPLETE,SERVICER_PORTAL
L000053,94094.29,CURRENT,0,2026-07-21,2026-08-16,PNC Bank,COMPLETE,SERVICER_PORTAL
L000946,124142.77,DELINQUENT,76,2026-08-01,2026-08-14,JPMorgan Chase,COMPLETE,SERVICER_PORTAL
L000888,466410.81,DEFAULT,358,2026-07-29,2026-08-10,PNC Bank,COMPLETE,SERVICER_PORTAL
L001391,308261.38,CURRENT,0,2026-07-08,2026-07-30,Freedom Mortgage,COMPLETE,SERVICER_PORTAL
L001328,0.00,PAID_OFF,0,2026-06-27,2026-08-14,JPMorgan Chase,COMPLETE,SERVICER_PORTAL
L001888,180962.28,DELINQUENT,84,2026-07-13,2026-08-06,Wells Fargo,COMPLETE,SERVICER_PORTAL
L001216,75677.15,DELINQUENT,33,2026-07-28,2026-08-21,Freedom Mortgage,MISSING,SERVICER_PORTAL
L000674,164014.83,CURRENT,0,2026-07-31,2026-08-01,Quicken Loans,COMPLETE,SERVICER_PORTAL
L001663,167920.85,DELINQUENT,83,2026-08-06,2026-08-07,Freedom Mortgage,COMPLETE,SERVICER_PORTAL
L001240,0.00,PAID_OFF,0,2026-07-24,2026-08-15,PNC Bank,COMPLETE,SERVICER_PORTAL
L000112,62311.91,CURRENT,0,2026-07-10,2026-08-13,Wells Fargo,COMPLETE,SERVICER_PORTAL
L001121,90259.02,DELINQUENT,40,2026-06-27,2026-08-07,Wells Fargo,MISSING,SERVICER_PORTAL
L001983,336759.03,CURRENT,0,2026-07-19,2026-08-01,JPMorgan Chase,MISSING,SERVICER_PORTAL
L001106,460492.32,DELINQUENT,52,2026-08-06,2026-08-16,Quicken Loans,COMPLETE,SERVICER_PORTAL
L000437,248522.12,CURRENT,0,2026-07-03,2026-08-09,Bank of America,COMPLETE,SERVICER_PORTAL
L001355,149473.02,CURRENT,0,2026-08-05,2026-07-26,PNC Bank,COMPLETE,SERVICER_PORTAL
L001349,429730.57,DELINQUENT,56,2026-07-29,2026-08-12,JPMorgan Chase,COMPLETE,SERVICER_PORTAL
L000604,0.00,PAID_OFF,0,2026-07-02,2026-08-07,US Bank,COMPLETE,SERVICER_PORTAL
L001545,71387.29,CURRENT,0,2026-07-28,2026-08-20,Bank of America,COMPLETE,SERVICER_PORTAL
L001024,22866.38,DELINQUENT,83,2026-07-30,2026-08-22,Bank of America,INCOMPLETE,SERVICER_PORTAL
L000828,198446.92,CURRENT,0,2026-07-05,2026-08-09,Freedom Mortgage,COMPLETE,SERVICER_PORTAL
L000940,0.00,PAID_OFF,0,2026-08-12,2026-08-12,JPMorgan Chase,COMPLETE,SERVICER_PORTAL
L001412,110994.67,CURRENT,0,2026-07-11,2026-08-18,Freedom Mortgage,COMPLETE,SERVICER_PORTAL
L001282,178852.30,CURRENT,0,2026-07-08,2026-08-01,Freedom Mortgage,INCOMPLETE,SERVICER_PORTAL
L000050,220076.34,DELINQUENT,82,2026-07-27,2026-08-21,PNC Bank,COMPLETE,SERVICER_PORTAL
L001939,0.00,CLOSED,0,2026-07-02,2026-08-19,PNC Bank,MISSING,SERVICER_PORTAL
L000900,272877.91,DELINQUENT,68,2026-07-11,2026-08-12,US Bank,MISSING,SERVICER_PORTAL
L001038,0.00,PAID_OFF,0,2026-08-04,2026-08-09,Quicken Loans,COMPLETE,SERVICER_PORTAL
L000320,173361.47,DELINQUENT,72,2026-08-07,2026-08-04,Quicken Loans,COMPLETE,SERVICER_PORTAL
L000638,577079.39,CURRENT,0,2026-07-29,2026-08-04,Bank of America,COMPLETE,SERVICER_PORTAL
L000623,0.00,CLOSED,0,2026-07-03,2026-07-28,PNC Bank,COMPLETE,SERVICER_PORTAL
L000820,0.00,PAID_OFF,0,2026-07-15,2026-07-28,JPMorgan Chase,INCOMPLETE,SERVICER_PORTAL
L000885,291890.14,CURRENT,0,2026-08-11,2026-08-19,PNC Bank,COMPLETE,SERVICER_PORTAL
L001853,82107.13,CURRENT,0,2026-07-02,2026-07-30,PNC Bank,MISSING,SERVICER_PORTAL
L000775,0.00,PAID_OFF,0,2026-07-07,2026-08-17,JPMorgan Chase,COMPLETE,SERVICER_PORTAL
L001249,205793.56,CURRENT,0,2026-06-26,2026-07-31,Freedom Mortgage,COMPLETE,SERVICER_PORTAL
L001766,174328.02,CURRENT,0,2026-07-08,2026-08-06,Bank of America,INCOMPLETE,SERVICER_PORTAL
L001413,217299.72,CURRENT,0,2026-07-19,2026-08-13,Bank of America,COMPLETE,SERVICER_PORTAL
L001154,209822.43,CURRENT,0,2026-06-28,2026-08-07,US Bank,COMPLETE,SERVICER_PORTAL
L000456,135916.23,CURRENT,0,2026-07-18,2026-07-27,JPMorgan Chase,COMPLETE,SERVICER_PORTAL
L000886,317703.57,DELINQUENT,55,2026-08-17,2026-07-27,JPMorgan Chase,COMPLETE,SERVICER_PORTAL
L001406,449782.24,CURRENT,0,2026-08-08,2026-07-27,JPMorgan Chase,COMPLETE,SERVICER_PORTAL
L000010,310217.50,CURRENT,0,2026-08-08,2026-08-14,PNC Bank,COMPLETE,SERVICER_PORTAL
L001397,539685.71,DELINQUENT,84,2026-08-01,2026-08-10,US Bank,INCOMPLETE,SERVICER_PORTAL
L001915,58008.55,CURRENT,0,2026-07-27,2026-08-13,Quicken Loans,COMPLETE,SERVICER_PORTAL
L001302,253134.85,CURRENT,0,2026-07-19,2026-08-06,PNC Bank,COMPLETE,SERVICER_PORTAL
L000635,351268.64,DEFAULT,145,2026-08-08,2026-08-20,Freedom Mortgage,COMPLETE,SERVICER_PORTAL
L001848,0.00,PAID_OFF,0,2026-07-18,2026-08-11,JPMorgan Chase,INCOMPLETE,SERVICER_PORTAL
L001063,181362.74,DELINQUENT,35,2026-07-17,2026-08-14,Quicken Loans,COMPLETE,SERVICER_PORTAL
L001706,161693.29,CURRENT,0,2026-08-01,2026-08-10,Quicken Loans,COMPLETE,SERVICER_PORTAL
L001575,68340.67,CURRENT,0,2026-06-29,2026-07-28,US Bank,COMPLETE,SERVICER_PORTAL
L000326,49255.28,CURRENT,0,2026-08-10,2026-07-28,Bank of America,COMPLETE,SERVICER_PORTAL
L001402,0.00,PAID_OFF,0,2026-07-13,2026-07-30,PNC Bank,COMPLETE,SERVICER_PORTAL
L001528,406401.38,CURRENT,0,2026-07-09,2026-08-18,Quicken Loans,COMPLETE,SERVICER_PORTAL
L000731,578251.91,DELINQUENT,51,2026-08-05,2026-08-24,Freedom Mortgage,COMPLETE,SERVICER_PORTAL
L001497,204372.11,CURRENT,0,2026-08-14,2026-08-09,JPMorgan Chase,COMPLETE,SERVICER_PORTAL
L001631,343131.79,DELINQUENT,67,2026-08-11,2026-08-08,Freedom Mortgage,COMPLETE,SERVICER_PORTAL
L001087,0.00,PAID_OFF,0,2026-07-07,2026-07-27,Quicken Loans,COMPLETE,SERVICER_PORTAL
L000671,264533.90,CURRENT,0,2026-06-29,2026-07-30,Bank of America,COMPLETE,SERVICER_PORTAL
L000688,85274.05,DEFAULT,245,2026-08-02,2026-08-06,Wells Fargo,COMPLETE,SERVICER_PORTAL
L001191,180993.13,DEFAULT,146,2026-08-05,2026-08-16,Freedom Mortgage,COMPLETE,SERVICER_PORTAL
L001884,0.00,PAID_OFF,0,2026-07-08,2026-08-23,JPMorgan Chase,MISSING,SERVICER_PORTAL
L001738,157083.01,CURRENT,0,2026-07-07,2026-08-21,Quicken Loans,COMPLETE,SERVICER_PORTAL
L001301,293696.66,CURRENT,0,2026-07-24,2026-08-19,Freedom Mortgage,MISSING,SERVICER_PORTAL
L000877,117423.70,CURRENT,0,2026-07-28,2026-07-29,Bank of America,COMPLETE,SERVICER_PORTAL
L001824,289984.01,CURRENT,0,2026-08-20,2026-08-07,PNC Bank,COMPLETE,SERVICER_PORTAL
L001174,110120.15,DELINQUENT,58,2026-06-27,2026-08-12,JPMorgan Chase,COMPLETE,SERVICER_PORTAL
L000979,47401.24,DELINQUENT,49,2026-08-16,2026-07-31,Freedom Mortgage,COMPLETE,SERVICER_PORTAL
L000379,220578.57,DELINQUENT,46,2026-08-01,2026-08-08,Quicken Loans,COMPLETE,SERVICER_PORTAL
L001568,119409.37,CURRENT,0,2026-07-02,2026-08-11,PNC Bank,COMPLETE,SERVICER_PORTAL
L000781,84210.46,CURRENT,0,2026-08-17,2026-08-19,Freedom Mortgage,COMPLETE,SERVICER_PORTAL
L001163,332985.30,DELINQUENT,54,2026-07-25,2026-08-06,Wells Fargo,COMPLETE,SERVICER_PORTAL
L000300,274844.06,CURRENT,0,2026-07-12,2026-08-03,Bank of America,COMPLETE,SERVICER_PORTAL
L000433,0.00,PAID_OFF,0,2026-07-12,2026-08-21,Freedom Mortgage,COMPLETE,SERVICER_PORTAL
L001841,0.00,PAID_OFF,0,2026-08-12,2026-07-27,Bank of America,COMPLETE,SERVICER_PORTAL
L001705,172293.13,CURRENT,0,2026-07-25,2026-08-12,PNC Bank,COMPLETE,SERVICER_PORTAL
L000920,519545.37,CURRENT,0,2026-07-31,2026-08-09,Freedom Mortgage,MISSING,SERVICER_PORTAL
L001734,0.00,CLOSED,0,2026-08-11,2026-07-26,Wells Fargo,COMPLETE,SERVICER_PORTAL
L001551,163583.17,CURRENT,0,2026-08-09,2026-07-26,PNC Bank,COMPLETE,SERVICER_PORTAL
L001002,65709.53,CURRENT,0,2026-07-02,2026-08-08,US Bank,COMPLETE,SERVICER_PORTAL
L000503,0.00,PAID_OFF,0,2026-08-04,2026-07-28,Freedom Mortgage,COMPLETE,SERVICER_PORTAL
L001299,150906.85,DEFAULT,256,2026-08-16,2026-08-04,Wells Fargo,COMPLETE,SERVICER_PORTAL
L000624,97667.77,CURRENT,0,2026-07-12,2026-08-08,Bank of America,COMPLETE,SERVICER_PORTAL
L001929,0.00,PAID_OFF,0,2026-07-09,2026-08-24,Bank of America,COMPLETE,SERVICER_PORTAL
L000848,99871.69,CURRENT,0,2026-06-28,2026-08-11,Quicken Loans,COMPLETE,SERVICER_PORTAL
L001800,0.00,PAID_OFF,0,2026-07-30,2026-08-17,JPMorgan Chase,COMPLETE,SERVICER_PORTAL
L001474,0.00,PAID_OFF,0,2026-07-20,2026-07-31,Wells Fargo,COMPLETE,SERVICER_PORTAL
L001245,170523.70,CURRENT,0,2026-07-31,2026-08-13,Bank of America,COMPLETE,SERVICER_PORTAL
L001753,69369.64,CURRENT,0,2026-07-15,2026-07-26,Freedom Mortgage,INCOMPLETE,SERVICER_PORTAL
L001769,433359.39,CURRENT,0,2026-08-02,2026-07-31,Freedom Mortgage,COMPLETE,SERVICER_PORTAL
L001921,0.00,PAID_OFF,0,2026-06-29,2026-07-30,JPMorgan Chase,COMPLETE,SERVICER_PORTAL
L000113,97225.49,CURRENT,0,2026-07-16,2026-08-22,Bank of America,COMPLETE,SERVICER_PORTAL
L001495,335974.55,DEFAULT,354,2026-07-19,2026-08-06,Freedom Mortgage,MISSING,SERVICER_PORTAL
L001401,43794.70,DELINQUENT,46,2026-08-13,2026-07-28,Quicken Loans,INCOMPLETE,SERVICER_PORTAL
L000555,206985.47,DELINQUENT,38,2026-08-13,2026-07-29,JPMorgan Chase,COMPLETE,SERVICER_PORTAL
L000960,503108.10,DELINQUENT,71,2026-07-30,2026-08-23,Freedom Mortgage,COMPLETE,SERVICER_PORTAL
L000364,130932.01,CURRENT,0,2026-07-04,2026-08-17,PNC Bank,COMPLETE,SERVICER_PORTAL
L000396,0.00,CLOSED,0,2026-07-13,2026-08-22,JPMorgan Chase,INCOMPLETE,SERVICER_PORTAL
L001381,0.00,PAID_OFF,0,2026-08-17,2026-08-17,Freedom Mortgage,MISSING,SERVICER_PORTAL
L001559,0.00,PAID_OFF,0,2026-07-28,2026-08-23,PNC Bank,COMPLETE,SERVICER_PORTAL
L000495,0.00,CLOSED,0,2026-07-13,2026-08-12,Freedom Mortgage,COMPLETE,SERVICER_PORTAL
L000520,282550.56,DELINQUENT,86,2026-07-16,2026-08-17,US Bank,MISSING,SERVICER_PORTAL
L001615,81099.50,CURRENT,0,2026-07-03,2026-07-26,PNC Bank,INCOMPLETE,SERVICER_PORTAL
L001849,87252.95,CURRENT,0,2026-07-26,2026-08-13,Bank of America,COMPLETE,SERVICER_PORTAL
L000884,49786.30,CURRENT,0,2026-08-03,2026-08-20,Freedom Mortgage,COMPLETE,SERVICER_PORTAL
L000855,103250.77,CURRENT,0,2026-07-04,2026-08-08,Wells Fargo,COMPLETE,SERVICER_PORTAL
L001999,0.00,CLOSED,0,2026-07-18,2026-08-11,PNC Bank,COMPLETE,SERVICER_PORTAL
L000216,320412.42,CURRENT,0,2026-07-16,2026-08-11,PNC Bank,COMPLETE,SERVICER_PORTAL
L001643,290001.47,CURRENT,0,2026-07-10,2026-08-23,US Bank,COMPLETE,SERVICER_PORTAL
L001669,206918.07,CURRENT,0,2026-08-17,2026-07-31,Freedom Mortgage,COMPLETE,SERVICER_PORTAL
L000206,244317.09,CURRENT,0,2026-06-27,2026-08-09,PNC Bank,COMPLETE,SERVICER_PORTAL
L000612,75270.45,CURRENT,0,2026-06-28,2026-08-14,Wells Fargo,COMPLETE,SERVICER_PORTAL
L001896,477176.77,DELINQUENT,52,2026-07-22,2026-08-09,JPMorgan Chase,COMPLETE,SERVICER_PORTAL
L001713,403154.29,CURRENT,0,2026-07-21,2026-08-16,Bank of America,COMPLETE,SERVICER_PORTAL
L001612,607639.95,CURRENT,0,2026-08-06,2026-08-06,Wells Fargo,COMPLETE,SERVICER_PORTAL
L001123,0.00,PAID_OFF,0,2026-07-20,2026-08-16,Freedom Mortgage,COMPLETE,SERVICER_PORTAL
L000099,40571.25,CURRENT,0,2026-07-06,2026-08-16,Bank of America,COMPLETE,SERVICER_PORTAL
L001750,470490.63,CURRENT,0,2026-07-19,2026-08-02,Bank of America,INCOMPLETE,SERVICER_PORTAL
L001054,265476.40,CURRENT,0,2026-07-30,2026-08-03,Quicken Loans,COMPLETE,SERVICER_PORTAL
L001860,112823.41,CURRENT,0,2026-07-02,2026-08-16,US Bank,COMPLETE,SERVICER_PORTAL
L000347,392477.49,CURRENT,0,2026-08-20,2026-08-10,JPMorgan Chase,COMPLETE,SERVICER_PORTAL
L001031,424901.21,DELINQUENT,84,2026-08-17,2026-07-31,Bank of America,INCOMPLETE,SERVICER_PORTAL
L001128,236701.27,CURRENT,0,2026-08-04,2026-08-21,JPMorgan Chase,COMPLETE,SERVICER_PORTAL
L000793,274727.33,CURRENT,0,2026-08-20,2026-08-18,Quicken Loans,COMPLETE,SERVICER_PORTAL
L001067,156146.75,DELINQUENT,57,2026-07-11,2026-08-20,Bank of America,INCOMPLETE,SERVICER_PORTAL
L001429,470556.79,CURRENT,0,2026-07-17,2026-08-03,US Bank,COMPLETE,SERVICER_PORTAL
L001071,207687.64,DEFAULT,246,2026-08-07,2026-08-06,JPMorgan Chase,COMPLETE,SERVICER_PORTAL
L000967,331206.23,CURRENT,0,2026-08-19,2026-08-20,Quicken Loans,COMPLETE,SERVICER_PORTAL
L001266,100224.86,CURRENT,0,2026-07-21,2026-08-10,Bank of America,COMPLETE,SERVICER_PORTAL
L000348,175915.32,PENDING,0,2026-07-25,2026-08-07,Bank of America,MISSING,SERVICER_PORTAL
L000558,94172.47,CURRENT,0,2026-08-07,2026-08-03,PNC Bank,COMPLETE,SERVICER_PORTAL
L000515,202535.67,CURRENT,0,2026-07-21,2026-08-08,Wells Fargo,COMPLETE,SERVICER_PORTAL
L001242,0.00,PAID_OFF,0,2026-06-28,2026-08-04,US Bank,COMPLETE,SERVICER_PORTAL
L001946,137910.02,DEFAULT,327,2026-07-20,2026-08-12,Bank of America,COMPLETE,SERVICER_PORTAL
L000039,223354.27,CURRENT,0,2026-07-19,2026-08-17,Freedom Mortgage,COMPLETE,SERVICER_PORTAL
L000505,221238.23,CURRENT,0,2026-07-12,2026-07-31,Bank of America,COMPLETE,SERVICER_PORTAL
L001398,443360.95,CURRENT,0,2026-07-04,2026-08-02,Freedom Mortgage,COMPLETE,SERVICER_PORTAL
L001336,49588.39,DELINQUENT,67,2026-07-17,2026-08-13,JPMorgan Chase,COMPLETE,SERVICER_PORTAL
L001389,86343.91,CURRENT,0,2026-06-28,2026-08-10,JPMorgan Chase,COMPLETE,SERVICER_PORTAL
L001280,342721.98,CURRENT,0,2026-08-15,2026-08-22,Bank of America,COMPLETE,SERVICER_PORTAL
L000739,341557.47,CURRENT,0,2026-06-28,2026-08-01,Bank of America,COMPLETE,SERVICER_PORTAL
L000171,12937.77,CLOSED,0,2026-07-05,2026-08-09,JPMorgan Chase,COMPLETE,SERVICER_PORTAL
L001068,195949.72,CURRENT,0,2026-06-27,2026-08-10,Wells Fargo,COMPLETE,SERVICER_PORTAL
L001538,307184.15,CURRENT,0,2026-07-12,2026-08-23,US Bank,MISSING,SERVICER_PORTAL
L001278,520594.21,CURRENT,0,2026-08-16,2026-08-05,Bank of America,COMPLETE,SERVICER_PORTAL
L001453,78235.33,CURRENT,0,2026-06-26,2026-08-14,US Bank,COMPLETE,SERVICER_PORTAL
L000665,121710.48,CURRENT,0,2026-07-12,2026-08-12,Wells Fargo,COMPLETE,SERVICER_PORTAL
L000857,407872.87,CURRENT,0,2026-08-08,2026-07-31,PNC Bank,COMPLETE,SERVICER_PORTAL
L000178,103219.87,DELINQUENT,76,2026-08-07,2026-07-26,Quicken Loans,COMPLETE,SERVICER_PORTAL
L001659,293044.38,CURRENT,0,2026-07-14,2026-08-21,Wells Fargo,COMPLETE,SERVICER_PORTAL
L001609,358684.53,CURRENT,0,2026-08-02,2026-07-30,Wells Fargo,COMPLETE,SERVICER_PORTAL
L000615,355278.62,CURRENT,0,2026-07-31,2026-08-11,US Bank,COMPLETE,SERVICER_PORTAL
L001654,90109.24,DELINQUENT,44,2026-08-18,2026-08-09,Freedom Mortgage,COMPLETE,SERVICER_PORTAL
L001814,166405.39,CURRENT,0,2026-08-14,2026-07-27,PNC Bank,COMPLETE,SERVICER_PORTAL
L001153,89176.39,CURRENT,0,2026-07-22,2026-08-03,Quicken Loans,INCOMPLETE,SERVICER_PORTAL
L001517,65527.62,CURRENT,0,2026-07-24,2026-07-26,US Bank,COMPLETE,SERVICER_PORTAL
L000468,166890.68,CURRENT,0,2026-07-19,2026-08-10,JPMorgan Chase,COMPLETE,SERVICER_PORTAL
L001476,167538.80,CURRENT,0,2026-07-03,2026-08-22,Wells Fargo,COMPLETE,SERVICER_PORTAL
L001348,164895.62,DELINQUENT,79,2026-07-30,2026-08-10,US Bank,INCOMPLETE,SERVICER_PORTAL
L000483,564042.86,CURRENT,0,2026-08-13,2026-08-20,Quicken Loans,COMPLETE,SERVICER_PORTAL
L000208,0.00,CLOSED,0,2026-08-10,2026-08-07,Freedom Mortgage,COMPLETE,SERVICER_PORTAL
L001119,0.00,PAID_OFF,0,2026-06-28,2026-07-31,US Bank,INCOMPLETE,SERVICER_PORTAL
L000509,114460.95,CURRENT,0,2026-07-20,2026-07-31,US Bank,COMPLETE,SERVICER_PORTAL
L001440,271810.50,DELINQUENT,30,2026-07-19,2026-08-13,PNC Bank,COMPLETE,SERVICER_PORTAL
L001763,0.00,PAID_OFF,0,2026-07-08,2026-08-06,Wells Fargo,COMPLETE,SERVICER_PORTAL
L000249,138363.62,DELINQUENT,72,2026-07-11,2026-08-08,Bank of America,COMPLETE,SERVICER_PORTAL
L001688,117471.31,CURRENT,0,2026-07-08,2026-08-07,Freedom Mortgage,COMPLETE,SERVICER_PORTAL
L001542,518267.66,CURRENT,0,2026-07-22,2026-08-02,JPMorgan Chase,COMPLETE,SERVICER_PORTAL
L000392,0.00,PAID_OFF,0,2026-08-07,2026-08-10,Quicken Loans,COMPLETE,SERVICER_PORTAL
L000550,291490.97,CURRENT,0,2026-07-28,2026-08-06,Quicken Loans,MISSING,SERVICER_PORTAL
L000963,422771.40,CURRENT,0,2026-06-29,2026-08-21,Quicken Loans,COMPLETE,SERVICER_PORTAL
L000864,218791.29,DELINQUENT,72,2026-08-04,2026-08-07,PNC Bank,MISSING,SERVICER_PORTAL
L001204,252136.25,CURRENT,0,2026-07-04,2026-08-15,Wells Fargo,COMPLETE,SERVICER_PORTAL
L001724,283926.84,DELINQUENT,53,2026-08-03,2026-08-23,Freedom Mortgage,COMPLETE,SERVICER_PORTAL
L000277,505304.35,CURRENT,0,2026-08-11,2026-08-17,Freedom Mortgage,INCOMPLETE,SERVICER_PORTAL
L001780,0.00,PAID_OFF,0,2026-07-05,2026-08-11,Bank of America,MISSING,SERVICER_PORTAL
L000418,0.00,PAID_OFF,0,2026-07-02,2026-08-05,Quicken Loans,COMPLETE,SERVICER_PORTAL
L001014,340510.62,CURRENT,0,2026-07-04,2026-08-19,JPMorgan Chase,COMPLETE,SERVICER_PORTAL
L001424,489027.65,CURRENT,0,2026-07-30,2026-08-01,Freedom Mortgage,COMPLETE,SERVICER_PORTAL
L001238,115644.92,CURRENT,0,2026-08-07,2026-08-01,Bank of America,COMPLETE,SERVICER_PORTAL
L001439,184983.37,DELINQUENT,49,2026-07-20,2026-08-06,Freedom Mortgage,COMPLETE,SERVICER_PORTAL
L001830,281263.43,CURRENT,0,2026-06-26,2026-08-13,Wells Fargo,COMPLETE,SERVICER_PORTAL
L001254,129277.32,CURRENT,0,2026-07-13,2026-08-09,PNC Bank,COMPLETE,SERVICER_PORTAL
L001132,0.00,PAID_OFF,0,2026-07-11,2026-07-29,Bank of America,MISSING,SERVICER_PORTAL
L000005,188886.06,CURRENT,0,2026-07-28,2026-08-08,Freedom Mortgage,COMPLETE,SERVICER_PORTAL
L000187,172569.58,DELINQUENT,73,2026-07-09,2026-08-01,JPMorgan Chase,MISSING,SERVICER_PORTAL
L001610,82622.95,DELINQUENT,72,2026-08-16,2026-07-26,Wells Fargo,INCOMPLETE,SERVICER_PORTAL
L000324,150664.32,CURRENT,0,2026-07-14,2026-08-01,PNC Bank,COMPLETE,SERVICER_PORTAL
L001677,0.00,CLOSED,0,2026-07-14,2026-08-23,Freedom Mortgage,COMPLETE,SERVICER_PORTAL
L001437,0.00,PAID_OFF,0,2026-07-22,2026-08-21,US Bank,COMPLETE,SERVICER_PORTAL
L000158,84237.81,CURRENT,0,2026-08-20,2026-07-31,PNC Bank,COMPLETE,SERVICER_PORTAL
L000792,150248.40,CURRENT,0,2026-08-06,2026-08-02,Wells Fargo,COMPLETE,SERVICER_PORTAL
L001919,0.00,PAID_OFF,0,2026-08-10,2026-08-13,Quicken Loans,MISSING,SERVICER_PORTAL
L000197,0.00,PAID_OFF,0,2026-08-02,2026-08-21,JPMorgan Chase,INCOMPLETE,SERVICER_PORTAL
L001029,465630.39,CURRENT,0,2026-07-26,2026-07-28,Quicken Loans,COMPLETE,SERVICER_PORTAL
L000754,70418.88,CURRENT,0,2026-07-02,2026-08-24,Quicken Loans,COMPLETE,SERVICER_PORTAL
L000371,225919.42,CURRENT,0,2026-07-23,2026-08-06,PNC Bank,COMPLETE,SERVICER_PORTAL
L000064,0.00,PAID_OFF,0,2026-07-23,2026-08-11,JPMorgan Chase,COMPLETE,SERVICER_PORTAL
L000013,109110.95,CURRENT,0,2026-07-25,2026-07-28,Freedom Mortgage,COMPLETE,SERVICER_PORTAL
L001812,246885.57,CURRENT,0,2026-07-07,2026-08-10,JPMorgan Chase,COMPLETE,SERVICER_PORTAL
L000314,340586.40,CURRENT,0,2026-08-19,2026-08-02,Bank of America,COMPLETE,SERVICER_PORTAL
L000494,561806.16,DELINQUENT,54,2026-08-14,2026-08-09,PNC Bank,COMPLETE,SERVICER_PORTAL
L001707,185351.69,CURRENT,0,2026-06-26,2026-08-19,Freedom Mortgage,INCOMPLETE,SERVICER_PORTAL
L000204,181889.09,CURRENT,0,2026-07-04,2026-08-13,Bank of America,COMPLETE,SERVICER_PORTAL
L000748,155006.73,CURRENT,0,2026-07-11,2026-08-17,US Bank,COMPLETE,SERVICER_PORTAL
L000312,0.00,PAID_OFF,0,2026-07-25,2026-08-16,Quicken Loans,COMPLETE,SERVICER_PORTAL
